"Thursday, Sep 5 2024",,,
AB 103,,,
Event Times,Event,Contact,
8:00 A.M. - 9:15 A.M.,"CM 3220 01 18134, TR 0800-0915 CLAS 08/27","Wheat, Lynn",
11:00 A.M. - 12:15 P.M.,"ANSC 4090 01 XL 18333, TR 1100-1215 CLAS 08/27",,
11:00 A.M. - 12:15 P.M.,"ANSC 5090 01 XL 18334, TR 1100-1215 CLAS 08/27",,
1:20 P.M. - 2:35 P.M.,"ANSC 3150 01 10048, TR 1320-1435 CLAS 08/27",,
3:10 P.M. - 5:00 P.M.,"ANSC 3545 01 13067, TR 1510-1700 CLAS 08/27",,
AB 104,,,
Event Times,Event,Contact,
8:10 A.M. - 9:25 A.M.,"ANSC 2000 01 17196, TR 0810-0925 CLAS 08/27",,
11:00 A.M. - 12:15 P.M.,"ANSC 3250 01 13742, TR 1100-1215 CLAS 08/27",,
AB 106,,,
Event Times,Event,Contact,
9:35 A.M. - 10:50 A.M.,"ANSC 4250 01 18461, TR 0935-1050 CLAS 08/27","Garcia, Veronica",
AG 1032,,,
Event Times,Event,Contact,
9:35 A.M. - 10:50 A.M.,"RELI 1000 01 11798, TR 0935-1050 CLAS 08/27",,
12:20 P.M. - 1:10 P.M.,"CM 3200 01 MMP 15504, R 1220-1310 CLAS 08/29","LYNX, CNET",
1:20 P.M. - 2:35 P.M.,"CM 3200 01 MMP 15504, TR 1320-1435 CLAS 08/27","LYNX, CNET",
3:15 P.M. - 4:30 P.M.,"CM 4140 01 15508, TR 1515-1630 CLAS 08/27","Garcia, Veronica",
AG 2018,,,
Event Times,Event,Contact,
8:10 A.M. - 9:25 A.M.,"NEUR 5280 01 XL 11690, TR 0810-0925 CLAS 08/27",,
8:10 A.M. - 9:25 A.M.,"ZOO 4280 01 XL 11357, TR 0810-0925 CLAS 08/27",,
8:10 A.M. - 9:25 A.M.,"ZOO 5280 01 XL 11691, TR 0810-0925 CLAS 08/27",,
9:35 A.M. - 10:50 A.M.,"AGEC 4830 01 13666, TR 0935-1050 CLAS 08/27",,
11:00 A.M. - 12:15 P.M.,"SOIL 4150 01 XL 11673, TR 1100-1215 CLAS 08/27","LYNX, CNET",
11:00 A.M. - 12:15 P.M.,"SOIL 5150 01 XL 11675, TR 1100-1215 CLAS 08/27",,
1:20 P.M. - 2:35 P.M.,"AGEC 4050 01 12931, TR 1320-1435 NONE 08/27",,
AG 223,,,
Event Times,Event,Contact,
1:20 P.M. - 2:35 P.M.,"AGEC 2020 01 15438, TR 1320-1435 CLAS 08/27",,
2:45 P.M. - 4:00 P.M.,"AGEC 4970 01 18002, TR 1445-1600 CLAS 08/27",,
AG 229,,,
Event Times,Event,Contact,
8:10 A.M. - 9:25 A.M.,"AGEC 4880 01 17993, TR 0810-0925 CLAS 08/27",,
9:35 A.M. - 10:50 A.M.,"AGEC 2040 01 15451, TR 0935-1050 CLAS 08/27",,
AG 237,,,
Event Times,Event,Contact,
1:20 P.M. - 2:35 P.M.,"FCSC 3122 01 12486, TR 1320-1435 CLAS 08/27",,
AG 3026,,,
Event Times,Event,Contact,
8:10 A.M. - 9:25 A.M.,"FCSC 3152 10 10953, R 0810-0925 CLAS 08/29",,
AG 3027,,,
Event Times,Event,Contact,
11:00 A.M. - 1:00 P.M.,"FCSC 3180 01 17863, TR 1100-1300 CLAS 08/27",,
1:20 P.M. - 2:35 P.M.,"FCSC 3180 10 17864, R 1320-1435 CLAS 08/29",,
AG 3028,,,
Event Times,Event,Contact,
9:35 A.M. - 10:50 A.M.,"FCSC 2180 01 14189, TR 0935-1050 CLAS 08/27",,
2:45 P.M. - 4:00 P.M.,"FCSC 4181 01 XL 17866, TR 1445-1600 CLAS 08/27",,
2:45 P.M. - 4:00 P.M.,"FCSC 5181 01 XL 17867, TR 1445-1600 CLAS 08/27",,
AG 328,,,
Event Times,Event,Contact,
8:00 A.M. - 9:25 A.M.,REWM 4830,"Murphy, Melanie A.",307-766-5295
9:35 A.M. - 10:50 A.M.,"GIST 5111 01 MMP 18060, R 0935-1050 CLAS 08/29",,
11:00 A.M. - 12:15 P.M.,"GIST 3140 01 15589, TR 1100-1215 CLAS 08/27",,
2:45 P.M. - 4:00 P.M.,"GEOL 3500 11 16940, R 1445-1600 CLAS 08/29","Garcia, Veronica",
AG 4021,,,
Event Times,Event,Contact,
9:35 A.M. - 10:50 A.M.,"SPAN 3060 01 10497, TR 0935-1050 CLAS 08/27",,
11:00 A.M. - 12:15 P.M.,"AGEC 4200 01 XL 17900, TR 1100-1215 CLAS 08/27",,
11:00 A.M. - 12:15 P.M.,"AGEC 5200 01 XL 17973, TR 1100-1215 CLAS 08/27",,
11:00 A.M. - 12:15 P.M.,"GWST 4200 1 XL 17985, TR 1100-1215 CLAS 08/27",,
11:00 A.M. - 12:15 P.M.,"GWST 5200 01 XL 18017, TR 1100-1215 CLAS 08/27",,
1:20 P.M. - 2:35 P.M.,"RMAL 1010 01 18253, TR 1320-1435 CLAS 08/27",,
5:10 P.M. - 6:25 P.M.,"STAT 4045 01 XL 17791, TR 1710-1825 CLAS 08/27",,
5:10 P.M. - 6:25 P.M.,"STAT 5045 01 XL 17792, TR 1710-1825 CLAS 08/27",,
AG 4022,,,
Event Times,Event,Contact,
1:20 P.M. - 2:35 P.M.,"ENTO 4684 01 XL 18175, TR 1320-1435 CLAS 08/27",,
1:20 P.M. - 2:35 P.M.,"ENTO 5684 01 XL 18176, TR 1320-1435 CLAS 08/27",,
2:45 P.M. - 4:00 P.M.,"ENTO 5684 10 18179, TR 1445-1600 CLAS 08/27",,
AG 4040,,,
Event Times,Event,Contact,
1:20 P.M. - 2:35 P.M.,"PLNT 2025 01 17828, TR 1320-1435 CLAS 08/27",,
AG 4041,,,
Event Times,Event,Contact,
1:20 P.M. - 2:35 P.M.,"GIST 4130 01 XL 15595, TR 1320-1435 CLAS 08/27","Garcia, Veronica",
1:20 P.M. - 2:35 P.M.,"GIST 5130 01 XL 15599, TR 1320-1435 CLAS 08/27",,
1:20 P.M. - 2:35 P.M.,"PLNT 4130 01 XL 15052, TR 1320-1435 CLAS 08/27","Garcia, Veronica",
1:20 P.M. - 2:35 P.M.,"RNEW 4130 01 XL 12438, TR 1320-1435 CLAS 08/27",,
AG 5027,,,
Event Times,Event,Contact,
1:10 P.M. - 5:00 P.M.,"MOLB 4400 11 XL 17077, R 1310-1700 CLAS 08/29",,
1:10 P.M. - 5:00 P.M.,"MOLB 5400 11 XL 17078, R 1310-1700 CLAS 08/29",,
AG 5028,,,
Event Times,Event,Contact,
2:10 P.M. - 4:00 P.M.,"MICR 4321 10 12720, TR 1410-1600 CLAS 08/27","Wheat, Lynn",
AG 5030,,,
Event Times,Event,Contact,
8:00 A.M. - 9:50 A.M.,"MICR 2021 10 XL 11212, TR 0800-0950 CLAS 08/27",,
8:00 A.M. - 9:50 A.M.,"MOLB 2021 10 XL 11217, TR 0800-0950 CLAS 08/27",,
10:00 A.M. - 11:50 A.M.,"MICR 2021 11 XL 11214, TR 1000-1150 CLAS 08/27",,
10:00 A.M. - 11:50 A.M.,"MOLB 2021 11 XL 11218, TR 1000-1150 CLAS 08/27",,
1:10 P.M. - 3:00 P.M.,"MICR 2021 12 XL 11215, TR 1310-1500 CLAS 08/27",,
1:10 P.M. - 3:00 P.M.,"MOLB 2021 12 XL 11219, TR 1310-1500 CLAS 08/27",,
3:10 P.M. - 5:00 P.M.,"MICR 2021 13 XL 11216, TR 1510-1700 CLAS 08/27",,
3:10 P.M. - 5:00 P.M.,"MOLB 2021 13 XL 11220, TR 1510-1700 CLAS 08/27",,
AG AUD,,,
Event Times,Event,Contact,
11:00 A.M. - 12:15 P.M.,"FCSC 1141 01 12140, TR 1100-1215 CLAS 08/27",,
4:10 P.M. - 5:00 P.M.,"HP 1020 20 10945, R 1610-1700 CLAS 08/29",,
AN 140,,,
Event Times,Event,Contact,
9:35 A.M. - 10:50 A.M.,"ANTH 4115 01 XL 17804, TR 0935-1050 CLAS 08/27",,
9:35 A.M. - 10:50 A.M.,"ANTH 5115 01 XL 17805, TR 0935-1050 CLAS 08/27",,
AN 150,,,
Event Times,Event,Contact,
9:35 A.M. - 10:50 A.M.,"PHIL 3420 01 17876, TR 0935-1050 CLAS 08/27","Garcia, Veronica",
11:00 A.M. - 12:15 P.M.,"ANTH 4230 01 17808, TR 1100-1215 CLAS 08/27",,
AN 220,,,
Event Times,Event,Contact,
9:35 A.M. - 10:50 A.M.,"REWM 4440 01 XL 18370, TR 0935-1050 CLAS 08/27","Wheat, Lynn",
9:35 A.M. - 10:50 A.M.,"REWM 5440 01 XL 18371, TR 0935-1050 CLAS 08/27","Ohlschwager, Andrew",
11:00 A.M. - 12:15 P.M.,"ANTH 5015 01 12326, TR 1100-1215 CLAS 08/27",,
AS 139,,,
Event Times,Event,Contact,
10:00 A.M. - 10:50 A.M.,"ARBC 2030 01 13197, MTWR 1000-1050 CLAS 08/26","Wheat, Lynn",
AS 209,,,
Event Times,Event,Contact,
9:35 A.M. - 10:50 A.M.,"CW 2050 01 18203, TR 0935-1050 CLAS 08/27","Garcia, Veronica",
11:00 A.M. - 12:15 P.M.,"HP 3151 02 17158, TR 1100-1215 CLAS 08/27",,
AS 226,,,
Event Times,Event,Contact,
8:30 A.M. - 9:40 A.M.,"IEP 0804 70 13179, MTWR 0830-0940 CLAS 08/26",,
10:00 A.M. - 11:50 A.M.,"IEP 0904 70 13180, MTWR 1000-1150 CLAS 08/26",,
12:30 P.M. - 1:40 P.M.,"IEP 0704 70 13178, MTWR 1230-1340 CLAS 08/26",,
AS 228,,,
Event Times,Event,Contact,
9:35 A.M. - 10:50 A.M.,"GIST 1200 01 15581, TR 0935-1050 CLAS 08/27","Garcia, Veronica",
3:10 P.M. - 5:00 P.M.,"ES 1060 13 11697, R 1510-1700 CLAS 08/29",,
AS 314,,,
Event Times,Event,Contact,
8:10 A.M. - 9:25 A.M.,"ENGL 1010 08 16048, TR 0810-0925 CLAS 08/27",,
1:10 P.M. - 2:00 P.M.,"IEP 0801 70 12828, MTWR 1310-1400 CLAS 08/26",,
AS 401,,,
Event Times,Event,Contact,
8:10 A.M. - 9:25 A.M.,"ENR 4525 01 XL 15718, TR 0810-0925 CLAS 08/27",,
8:10 A.M. - 9:25 A.M.,"ENR 5525 01 XL 15720, TR 0810-0925 CLAS 08/27",,
8:10 A.M. - 9:25 A.M.,"GEOL 4525 01 XL 15327, TR 0810-0925 CLAS 08/27",,
8:10 A.M. - 9:25 A.M.,"GEOL 5525 01 XL 15340, TR 0810-0925 CLAS 08/27",,
9:35 A.M. - 10:50 A.M.,"HP 3050 04 18230, TR 0935-1050 CLAS 08/27","Garcia, Veronica",
AV 223,,,
Event Times,Event,Contact,
11:00 A.M. - 1:40 P.M.,"BOT 3600 10 15726, R 1100-1340 CLAS 08/29",,
2:45 P.M. - 4:00 P.M.,"BOT 5790 01 18292, TR 1445-1600 CLAS 08/27",,
BC 138,,,
Event Times,Event,Contact,
9:35 A.M. - 10:50 A.M.,"ZOO 4400 01 XL 15989, TR 0935-1050 CLAS 08/27",,
9:35 A.M. - 10:50 A.M.,"ZOO 5400 01 XL 16132, TR 0935-1050 CLAS 08/27",,
12:15 P.M. - 2:35 P.M.,"BOT 5000 01 XL 10111, R 1215-1435 CLAS 08/29",,
12:15 P.M. - 2:35 P.M.,"ZOO 5890 03 XL 10803, R 1215-1435 CLAS 08/29","Garcia, Veronica",
2:45 P.M. - 4:00 P.M.,"ANTH 1200 03 15697, TR 1445-1600 CLAS 08/27",,
BC 227,,,
Event Times,Event,Contact,
11:00 A.M. - 12:30 P.M.,Grad Studeny Lunch - EEB Speaker,"Biodiversity Institute, Berry Center",
4:30 P.M. - 6:00 P.M.,Democracy Laboratory,"Bishop, Robby",
BS 222,,,
Event Times,Event,Contact,
2:10 P.M. - 4:00 P.M.,"ZOO 4125 10 13213, R 1410-1600 CLAS 08/29",,
BS 223,,,
Event Times,Event,Contact,
1:10 P.M. - 3:40 P.M.,"ZOO 3115 12 11506, R 1310-1540 CLAS 08/29",,
7:10 P.M. - 9:40 P.M.,"ZOO 3115 13 11507, R 1910-2140 CLAS 08/29",,
BS 302,,,
Event Times,Event,Contact,
9:35 A.M. - 11:25 A.M.,"PSYC 2000 01 MMP 10004, TR 0935-1125 CLAS 08/27",,
1:20 P.M. - 2:35 P.M.,"COJO 3070 01 16883, TR 1320-1435 CLAS 08/27","Wheat, Lynn",
BS 304,,,
Event Times,Event,Contact,
2:10 P.M. - 5:00 P.M.,"PSYC 5380 01 12466, R 1410-1700 CLAS 08/29",,
BS 309,,,
Event Times,Event,Contact,
9:35 A.M. - 10:50 A.M.,"MOLB 4460 01 XL 11510, TR 0935-1050 CLAS 08/27","Garcia, Veronica",
9:35 A.M. - 10:50 A.M.,"MOLB 5460 01 XL 11511, TR 0935-1050 CLAS 08/27",,
11:00 A.M. - 12:15 P.M.,"ZOO 4300 01 XL 11430, TR 1100-1215 CLAS 08/27","Wheat, Lynn",
11:00 A.M. - 12:15 P.M.,"ZOO 5300 01 XL 11431, TR 1100-1215 CLAS 08/27",,
1:20 P.M. - 2:10 P.M.,"ZOO 4310 01 XL 12307, TR 1320-1410 CLAS 08/27",,
1:20 P.M. - 2:10 P.M.,"ZOO 5310 01 XL 12309, TR 1320-1410 CLAS 08/27",,
5:30 P.M. - 8:00 P.M.,The WIldlife Society,"Merkle, Jerod A.",
BU 10,,,
Event Times,Event,Contact,
8:10 A.M. - 9:25 A.M.,"COSC 4785 01 XL 13264, TR 0810-0925 CLAS 08/27",,
8:10 A.M. - 9:25 A.M.,"COSC 5785 01 XL 13265, TR 0810-0925 CLAS 08/27",,
9:35 A.M. - 10:50 A.M.,"HOSP 2000 01 XL 15149, TR 0935-1050 CLAS 08/27",,
9:35 A.M. - 10:50 A.M.,"ORTM 2000 01 XL 15741, TR 0935-1050 CLAS 08/27",,
11:00 A.M. - 12:15 P.M.,"HOSP 3000 01 15151, TR 1100-1215 CLAS 08/27",,
1:20 P.M. - 2:35 P.M.,"HIST 4113 01 XL 17836, TR 1320-1435 CLAS 08/27",,
1:20 P.M. - 2:35 P.M.,"RELI 4113 01 XL 18482, TR 1320-1435 CLAS 08/27",,
2:45 P.M. - 4:00 P.M.,"HIST 3280 01 XL 18209, TR 1445-1600 CLAS 08/27","Garcia, Veronica",
2:45 P.M. - 4:00 P.M.,"RELI 3280 01 XL 17928, TR 1445-1600 CLAS 08/27",,
4:10 P.M. - 7:00 P.M.,"ENR 3000 01 12162, R 1610-1900 CLAS 08/29",,
BU 108,,,
Event Times,Event,Contact,
9:00 A.M. - 9:50 A.M.,"SPAN 2030 01 10493, MTWR 0900-0950 CLAS 08/26",,
10:00 A.M. - 10:50 A.M.,"SPAN 1010 04 10426, MTWR 1000-1050 CLAS 08/26",,
11:00 A.M. - 12:15 P.M.,"MKT 4450 01 10349, TR 1100-1215 CLAS 08/27","Wheat, Lynn",
1:20 P.M. - 2:35 P.M.,"MKT 4520 01 12033, TR 1320-1435 CLAS 08/27",,
2:45 P.M. - 3:35 P.M.,"STEP 1102 03 18210, TR 1445-1535 CLAS 08/27","Garcia, Veronica",
BU 110,,,
Event Times,Event,Contact,
8:10 A.M. - 9:25 A.M.,"ACCT 3230 01 12453, TR 0810-0925 CLAS 08/27",,
9:35 A.M. - 10:50 A.M.,"ENGL 4010 02 11772, TR 0935-1050 CLAS 08/27","Garcia, Veronica",
11:00 A.M. - 12:15 P.M.,"HIST 2390 01 17838, TR 1100-1215 CLAS 08/27","Wheat, Lynn",
1:20 P.M. - 2:35 P.M.,"ECON 2400 01 16866, TR 1320-1435 CLAS 08/27",,
3:00 P.M. - 4:00 P.M.,SI ES 2210 - Shaw,"Willford, Jessica",766-4322
4:30 P.M. - 5:30 P.M.,SI ES 2310 - Christensen,"Willford, Jessica",766-4322
7:00 P.M. - 8:15 P.M.,"MKT 4250 01 17769, TR 1900-2015 CLAS 08/27",,
BU 111,,,
Event Times,Event,Contact,
9:35 A.M. - 10:50 A.M.,"MGT 4800 02 17768, TR 0935-1050 CLAS 08/27",,
11:00 A.M. - 12:15 P.M.,"ECON 4730 01 XL 17855, TR 1100-1215 CLAS 08/27",,
11:00 A.M. - 12:15 P.M.,"ECON 5730 01 XL 17856, TR 1100-1215 CLAS 08/27",,
1:20 P.M. - 2:35 P.M.,"SELL 4310 01 14607, TR 1320-1435 CLAS 08/27",,
2:45 P.M. - 3:35 P.M.,"STEP 1102 11 18211, TR 1445-1535 CLAS 08/27","Garcia, Veronica",
4:10 P.M. - 5:25 P.M.,"ECON 5370 01 15160, TR 1610-1725 CLAS 08/27",,
BU 121,,,
Event Times,Event,Contact,
8:10 A.M. - 9:25 A.M.,"ACCT 2010 02 15187, TR 0810-0925 CLAS 08/27",,
9:35 A.M. - 10:50 A.M.,"MGT 2100 01 16586, TR 0935-1050 CLAS 08/27",,
11:00 A.M. - 12:15 P.M.,"ECON 3010 02 14100, TR 1100-1215 CLAS 08/27",,
1:20 P.M. - 2:35 P.M.,"MGT 3410 01 12538, TR 1320-1435 CLAS 08/27",,
2:45 P.M. - 4:00 P.M.,"MGT 4470 01 13580, TR 1445-1600 CLAS 08/27",,
4:10 P.M. - 7:00 P.M.,"LEAD 3110 01 16560, R 1610-1900 CLAS 08/29",,
BU 127,,,
Event Times,Event,Contact,
9:35 A.M. - 10:50 A.M.,"INST 4590 01 XL 15897, TR 0935-1050 CLAS 08/27",,
9:35 A.M. - 10:50 A.M.,"MKT 4590 01 XL 11912, TR 0935-1050 CLAS 08/27",,
11:00 A.M. - 12:40 P.M.,"ACCT 3430 01 15190, TR 1100-1240 CLAS 08/27",,
1:20 P.M. - 2:35 P.M.,"ACCT 4060 01 10956, TR 1320-1435 CLAS 08/27",,
2:45 P.M. - 4:00 P.M.,"CRMJ 3400 01 XL 15616, TR 1445-1600 CLAS 08/27","Garcia, Veronica",
2:45 P.M. - 4:00 P.M.,"SOC 3400 01 XL 15690, TR 1445-1600 CLAS 08/27",,
4:30 P.M. - 5:45 P.M.,"IMGT 4500 01 XL 15233, TR 1630-1745 CLAS 08/27",,
BU 129,,,
Event Times,Event,Contact,
9:35 A.M. - 10:50 A.M.,"MGT 3420 01 12539, TR 0935-1050 CLAS 08/27",,
11:00 A.M. - 12:15 P.M.,"BKCH 4021 01 16675, TR 1100-1215 CLAS 08/27",,
1:20 P.M. - 2:35 P.M.,"ECON 3010 01 10811, TR 1320-1435 CLAS 08/27",,
2:45 P.M. - 4:00 P.M.,"BKCH 3021 01 15234, TR 1445-1600 CLAS 08/27",,
4:30 P.M. - 5:30 P.M.,Blockchain Club,"Brome, Cheryl",
BU 208,,,
Event Times,Event,Contact,
8:10 A.M. - 9:25 A.M.,"MGT 4800 01 11683, TR 0810-0925 CLAS 08/27",,
9:35 A.M. - 10:50 A.M.,"ECON 4530 01 XL 13647, TR 0935-1050 CLAS 08/27",,
9:35 A.M. - 10:50 A.M.,"ECON 5530 01 XL 14859, TR 0935-1050 CLAS 08/27",,
11:00 A.M. - 12:15 P.M.,"HIST 2252 01 XL 18207, TR 1100-1215 CLAS 08/27","Garcia, Veronica",
11:00 A.M. - 12:15 P.M.,"RELI 2252 01 XL 17924, TR 1100-1215 CLAS 08/27",,
1:20 P.M. - 2:35 P.M.,"MBAM 5204 01 15016, TR 1320-1435 CLAS 08/27",,
2:45 P.M. - 4:00 P.M.,"MBAM 5104 01 17833, TR 1445-1600 CLAS 08/27",,
4:30 P.M. - 6:30 P.M.,SI KIN 2040 - Neubauer,"Willford, Jessica",766-4322
BU 209,,,
Event Times,Event,Contact,
9:35 A.M. - 10:50 A.M.,"SELL 4340 01 17961, TR 0935-1050 CLAS 08/27",,
11:00 A.M. - 12:15 P.M.,"SELL 3310 01 14605, TR 1100-1215 CLAS 08/27",,
1:20 P.M. - 2:35 P.M.,"LEAD 3110 02 18544, TR 1320-1435 CLAS 08/27",,
2:45 P.M. - 4:00 P.M.,"SELL 3310 02 15168, TR 1445-1600 CLAS 08/27",,
BU 21,,,
Event Times,Event,Contact,
9:35 A.M. - 10:50 A.M.,"ACCT 3070 01 10954, TR 0935-1050 NONE 08/27",,
11:00 A.M. - 12:15 P.M.,"ENR 3100 80 XL 12205, TR 1100-1215 CLAS 08/27",,
11:00 A.M. - 12:15 P.M.,"REWM 3100 80 XL 10099, TR 1100-1215 CLAS 08/27","Garcia, Veronica",
1:20 P.M. - 2:35 P.M.,"CRMJ 2685 01 XL 12150, TR 1320-1435 CLAS 08/27",,
1:20 P.M. - 2:35 P.M.,"SOC 2685 01 XL 16077, TR 1320-1435 CLAS 08/27",,
2:45 P.M. - 4:00 P.M.,"ECON 3020 2 10812, TR 1445-1600 CLAS 08/27",,
BU 210,,,
Event Times,Event,Contact,
9:35 A.M. - 10:50 A.M.,"MBAM 5207 01 16779, TR 0935-1050 CLAS 08/27",,
11:00 A.M. - 12:15 P.M.,"ECON 5890 01 17414, TR 1100-1215 CLAS 08/27",,
1:20 P.M. - 2:25 P.M.,"FIN 3520 01 11797, TR 1320-1425 CLAS 08/27",,
2:45 P.M. - 4:00 P.M.,"ENTR 4750 01 15147, TR 1445-1600 CLAS 08/27",,
4:10 P.M. - 6:10 P.M.,SI MATH 2310 - Weekley,"Willford, Jessica",766-4322
BU 211,,,
Event Times,Event,Contact,
9:35 A.M. - 10:50 A.M.,"FIN 4400 01 13293, TR 0935-1050 CLAS 08/27",,
11:00 A.M. - 12:15 P.M.,"COMM 2010 11 16870, TR 1100-1215 CLAS 08/27","Garcia, Veronica",
1:20 P.M. - 2:35 P.M.,"ECON 4910 01 15952, TR 1320-1435 CLAS 08/27",,
2:45 P.M. - 4:00 P.M.,"ECON 4700 01 17857, TR 1445-1600 CLAS 08/27",,
BU 24,,,
Event Times,Event,Contact,
9:35 A.M. - 10:50 A.M.,"EAP 1210 01 18339, TR 0935-1050 CLAS 08/27","Garcia, Veronica",
11:00 A.M. - 12:15 P.M.,"INST 4255 01 XL 18024, TR 1100-1215 CLAS 08/27",,
11:00 A.M. - 12:15 P.M.,"INST 5255 01 XL 18025, TR 1100-1215 CLAS 08/27",,
11:00 A.M. - 12:15 P.M.,"POLS 4255 01 XL 18019, TR 1100-1215 CLAS 08/27",,
11:00 A.M. - 12:15 P.M.,"POLS 5255 01 XL 18023, TR 1100-1215 CLAS 08/27",,
1:20 P.M. - 2:35 P.M.,"ENGL 3300 01 16938, TR 1320-1435 CLAS 08/27","Garcia, Veronica",
2:45 P.M. - 4:00 P.M.,"ENGL 4999 01 16970, TR 1445-1600 CLAS 08/27",,
BU 259,,,
Event Times,Event,Contact,
9:00 A.M. - 9:50 A.M.,"GERM 1010 01 11040, MTWR 0900-0950 CLAS 08/26","Garcia, Veronica",
9:00 A.M. - 9:50 A.M.,"GERM 1020 01 18248, MTWR 0900-0950 CLAS 08/26","Garcia, Veronica",
10:00 A.M. - 10:50 A.M.,"GERM 1020 02 18249, MTWR 1000-1050 CLAS 08/26","Garcia, Veronica",
12:00 P.M. - 1:00 P.M.,MBA faculty meeting,"Lewis, Kristin",
1:20 P.M. - 2:35 P.M.,"ECON 5410 01 11364, TR 1320-1435 CLAS 08/27",,
BU 8,,,
Event Times,Event,Contact,
9:35 A.M. - 10:50 A.M.,"COMM 2010 10 16318, TR 0935-1050 CLAS 08/27",,
11:00 A.M. - 12:15 P.M.,"COMM 2400 01 16017, TR 1100-1215 CLAS 08/27","Wheat, Lynn",
12:25 P.M. - 1:40 P.M.,"EAP 1210 02 18545, TR 1225-1340 CLAS 08/27","Garcia, Veronica",
2:45 P.M. - 4:00 P.M.,"CW 2080 01 15195, TR 1445-1600 CLAS 08/27","Wheat, Lynn",
BU 9,,,
Event Times,Event,Contact,
9:35 A.M. - 10:50 A.M.,"MOLB 1050 01 18264, TR 0935-1050 CLAS 08/27","Garcia, Veronica",
11:00 A.M. - 12:15 P.M.,"STEP 1000 18 XL 16802, TR 1100-1215 CLAS 08/27",,
11:00 A.M. - 12:15 P.M.,"STEP 1000 18A XL 16823, TR 1100-1215 CLAS 08/27",,
1:20 P.M. - 2:35 P.M.,"MATH 4300 01 10474, TR 1320-1435 CLAS 08/27","Garcia, Veronica",
3:10 P.M. - 5:10 P.M.,SI JAPN 1010 - Hall,"Willford, Jessica",766-4322
BU AUD,,,
Event Times,Event,Contact,
8:10 A.M. - 9:25 A.M.,"IMGT 2400 01 16676, TR 0810-0925 CLAS 08/27",,
9:35 A.M. - 10:50 A.M.,"AGEC 1010 02 XL 17072, TR 0935-1050 CLAS 08/27",,
9:35 A.M. - 10:50 A.M.,"ECON 1010 02 XL 16858, TR 0935-1050 CLAS 08/27",,
11:00 A.M. - 12:15 P.M.,"AGEC 1020 02 XL 17073, TR 1100-1215 CLAS 08/27",,
11:00 A.M. - 12:15 P.M.,"ECON 1020 02 XL 16863, TR 1100-1215 CLAS 08/27",,
CB 103,,,
Event Times,Event,Contact,
1:10 P.M. - 3:00 P.M.,"KIN 2041 14 10387, R 1310-1500 CLAS 08/29",,
3:10 P.M. - 5:00 P.M.,"KIN 2041 15 10388, R 1510-1700 CLAS 08/29",,
5:10 P.M. - 7:00 P.M.,"KIN 2041 16 10389, R 1710-1900 CLAS 08/29",,
7:10 P.M. - 9:00 P.M.,"KIN 2041 17 17954, R 1910-2100 CLAS 08/29",,
CB 127,,,
Event Times,Event,Contact,
7:40 A.M. - 9:25 A.M.,KIN4056,"Cook, Lori",
9:35 A.M. - 10:50 A.M.,KIN4029,"Cook, Lori",
11:00 A.M. - 12:00 P.M.,KIN 3024 lab section 11,"Cook, Lori",
12:20 P.M. - 2:10 P.M.,KIN3024 lab section 12,"Cook, Lori",
4:10 P.M. - 7:00 P.M.,KIN3022 lab section 03,"Cook, Lori",
CB 137,,,
Event Times,Event,Contact,
5:50 A.M. - 7:00 A.M.,"ARMY 1011 01 15301, MWR 0550-0700 CLAS 08/26",,
9:35 A.M. - 10:50 A.M.,"KIN 4029 01 MMP 12329, TR 0935-1050 CLAS 08/27",,
11:00 A.M. - 12:15 P.M.,"KIN 4043 01 16736, TR 1100-1215 CLAS 08/27",,
2:15 P.M. - 4:00 P.M.,"KIN 4012 01 10398, TR 1415-1600 CLAS 08/27",,
7:00 P.M. - 8:00 P.M.,PEK MEETING,"Cook, Lori",
CB 138,,,
Event Times,Event,Contact,
9:30 A.M. - 10:20 A.M.,"ARMY 1010 01 12146, TR 0930-1020 CLAS 08/27",,
11:00 A.M. - 11:50 A.M.,"ARMY 2010 02 11395, TR 1100-1150 CLAS 08/27",,
1:20 P.M. - 2:35 P.M.,"ARMY 3010 02 10069, TR 1320-1435 CLAS 08/27",,
CB 202,,,
Event Times,Event,Contact,
12:20 P.M. - 1:10 P.M.,"KIN 3050 02 14174, TR 1220-1310 CLAS 08/27",,
CB 206,,,
Event Times,Event,Contact,
7:40 A.M. - 9:30 A.M.,"KIN 4056 02 MMP XL 13284, R 0740-0930 CLAS 08/29",,
7:40 A.M. - 9:30 A.M.,"KIN 5056 02 MMP XL 13285, R 0740-0930 CLAS 08/29",,
10:00 A.M. - 11:50 A.M.,"KIN 3024 11 MMP 16746, R 1000-1150 CLAS 08/29",,
12:20 P.M. - 2:10 P.M.,"KIN 3024 12 MMP 16747, R 1220-1410 CLAS 08/29",,
4:10 P.M. - 7:00 P.M.,"KIN 3022 03 17957, R 1610-1900 CLAS 08/29",,
CB GYM,,,
Event Times,Event,Contact,
10:00 A.M. - 11:50 A.M.,"KIN 3024 11 MMP 16746, R 1000-1150 CLAS 08/29",,
12:20 P.M. - 2:10 P.M.,"KIN 3024 12 MMP 16747, R 1220-1410 CLAS 08/29",,
5:00 P.M. - 7:30 P.M.,Nordic Ski Team,"Cook, Lori",
CR 103,,,
Event Times,Event,Contact,
9:35 A.M. - 10:50 A.M.,"COSC 3020 01 14972, TR 0935-1050 CLAS 08/27","Garcia, Veronica",
1:20 P.M. - 4:00 P.M.,"SOWK 3630 01 10365, R 1320-1600 CLAS 08/29",,
CR 113,,,
Event Times,Event,Contact,
9:00 A.M. - 12:00 P.M.,"SOWK 4560 01 10366, R 0900-1200 CLAS 08/29",,
4:10 P.M. - 6:00 P.M.,"ZOO 5890 02 10802, R 1610-1800 CLAS 08/29",,
6:10 P.M. - 9:00 P.M.,"POLS 4810 01 XL 18131, R 1810-2100 CLAS 08/29",,
6:10 P.M. - 9:00 P.M.,"POLS 5810 01 XL 18132, R 1810-2100 CLAS 08/29",,
CR 115,,,
Event Times,Event,Contact,
8:10 A.M. - 9:00 A.M.,"PHCY 6052 01 13312, R 0810-0900 CLAS 08/29",,
9:35 A.M. - 10:50 A.M.,"SOWK 3530 01 10364, TR 0935-1050 CLAS 08/27",,
11:00 A.M. - 12:15 P.M.,"HIST 3500 01 17840, TR 1100-1215 CLAS 08/27",,
3:10 P.M. - 4:00 P.M.,"SPPA 4130 01 13563, MTWR 1510-1600 CLAS 08/26","Garcia, Veronica",
5:30 P.M. - 6:45 P.M.,"COJO 4500 01 13326, TR 1730-1845 CLAS 08/27",,
CR 118,,,
Event Times,Event,Contact,
9:35 A.M. - 10:50 A.M.,"PSYC 2080 01 17909, TR 0935-1050 CLAS 08/27",,
11:00 A.M. - 12:15 P.M.,"STAT 4360 01 XL 17789, TR 1100-1215 CLAS 08/27","LYNX, CNET",
11:00 A.M. - 12:15 P.M.,"STAT 5360 01 XL 17790, TR 1100-1215 CLAS 08/27",,
1:20 P.M. - 2:35 P.M.,"SPPA 3265 01 15495, TR 1320-1435 CLAS 08/27",,
CR 129,,,
Event Times,Event,Contact,
9:35 A.M. - 10:50 A.M.,"CHEM 1030 01 MMP 10186, TR 0935-1050 CLAS 08/27",,
11:00 A.M. - 12:15 P.M.,"SOC 1000 01 10113, TR 1100-1215 CLAS 08/27",,
CR 133,,,
Event Times,Event,Contact,
9:35 A.M. - 10:50 A.M.,"ATSC 2100 03 18089, TR 0935-1050 CLAS 08/27",,
11:00 A.M. - 12:15 P.M.,"COMM 1040 01 16013, TR 1100-1215 CLAS 08/27",,
1:20 P.M. - 2:35 P.M.,"ANTH 1300 01 12081, TR 1320-1435 CLAS 08/27",,
CR 137,,,
Event Times,Event,Contact,
8:35 A.M. - 9:25 A.M.,"STEP 1102 04 14419, R 0835-0925 CLAS 08/29",,
9:35 A.M. - 10:50 A.M.,"ASTR 5420 01 17803, TR 0935-1050 CLAS 08/27","Garcia, Veronica",
11:00 A.M. - 12:15 P.M.,"ENGL 1010 18 11407, TR 1100-1215 CLAS 08/27",,
1:10 P.M. - 4:00 P.M.,"PSYC 5760 01 16730, R 1310-1600 CLAS 08/29","Garcia, Veronica",
CR 141,,,
Event Times,Event,Contact,
9:35 A.M. - 10:50 A.M.,"MATH 4500 01 10475, TR 0935-1050 CLAS 08/27",,
1:20 P.M. - 2:35 P.M.,"PHYS 4310 01 10338, TR 1320-1435 CLAS 08/27",,
2:45 P.M. - 4:45 P.M.,"RMAL 1010 10 18254, R 1445-1645 CLAS 08/29","Garcia, Veronica",
CR 142,,,
Event Times,Event,Contact,
9:35 A.M. - 10:50 A.M.,"PSYC 4070 01 17937, TR 0935-1050 CLAS 08/27",,
2:45 P.M. - 4:00 P.M.,"NEUR 5295 01 XL 17860, TR 1445-1600 CLAS 08/27",,
2:45 P.M. - 4:00 P.M.,"ZOO 4295 01 XL 18104, TR 1445-1600 CLAS 08/27","Garcia, Veronica",
CR 144,,,
Event Times,Event,Contact,
9:35 A.M. - 10:50 A.M.,"HP 1020 02 10927, TR 0935-1050 CLAS 08/27","Garcia, Veronica",
11:00 A.M. - 12:15 P.M.,"ENGL 4640 01 18069, TR 1100-1215 CLAS 08/27",,
1:10 P.M. - 3:00 P.M.,"SOWK 4991 01 11919, R 1310-1500 CLAS 08/29",,
6:00 P.M. - 7:00 P.M.,SI PHYS 1220 - Myers,"Willford, Jessica",766-4322
CR 147,,,
Event Times,Event,Contact,
9:35 A.M. - 10:50 A.M.,"ENGL 3340 01 XL 15549, TR 0935-1050 CLAS 08/27",,
9:35 A.M. - 10:50 A.M.,"PHIL 3340 01 XL 14211, TR 0935-1050 CLAS 08/27",,
11:00 A.M. - 12:15 P.M.,"EAP 2110 01 18340, TR 1100-1215 CLAS 08/27","Garcia, Veronica",
1:20 P.M. - 2:35 P.M.,"PHIL 3260 01 XL 16348, TR 1320-1435 CLAS 08/27","Garcia, Veronica",
1:20 P.M. - 2:35 P.M.,"POLS 3260 01 XL 17238, TR 1320-1435 CLAS 08/27",,
6:10 P.M. - 8:00 P.M.,"MOLB 5057 01 13386, R 1810-2000 CLAS 08/29","Garcia, Veronica",
CR 207,,,
Event Times,Event,Contact,
8:10 A.M. - 9:25 A.M.,"ENGL 4010 01 17332, TR 0810-0925 CLAS 08/27","Garcia, Veronica",
9:35 A.M. - 10:50 A.M.,"GIST 2190 01 18065, TR 0935-1050 CLAS 08/27","Garcia, Veronica",
1:20 P.M. - 2:35 P.M.,"ANTH 4380 01 17812, TR 1320-1435 CLAS 08/27","Wheat, Lynn",
3:10 P.M. - 6:00 P.M.,"ENGL 5010 01 10973, R 1510-1800 CLAS 08/29",,
CR 209,,,
Event Times,Event,Contact,
9:00 A.M. - 9:50 A.M.,"SPPA 2110 01 16630, MTWR 0900-0950 CLAS 08/26",,
10:00 A.M. - 10:50 A.M.,"SPPA 2120 01 13564, MTWR 1000-1050 CLAS 08/26",,
11:00 A.M. - 12:15 P.M.,"PSYC 4860 01 18045, TR 1100-1215 CLAS 08/27",,
1:20 P.M. - 2:35 P.M.,"PHYS 5870 01 16596, TR 1320-1435 CLAS 08/27",,
2:45 P.M. - 4:00 P.M.,"POLS 4710 08 XL 18141, TR 1445-1600 CLAS 08/27","Garcia, Veronica",
2:45 P.M. - 4:00 P.M.,"POLS 5710 04 XL 18142, TR 1445-1600 CLAS 08/27",,
CR 214,,,
Event Times,Event,Contact,
9:35 A.M. - 10:50 A.M.,"LIFE 3400 01 11464, TR 0935-1050 CLAS 08/27",,
11:00 A.M. - 12:15 P.M.,"COSC 1030 01 10301, TR 1100-1215 CLAS 08/27",,
CR 215,,,
Event Times,Event,Contact,
9:35 A.M. - 10:50 A.M.,"CRMJ 3490 01 11140, TR 0935-1050 CLAS 08/27",,
11:00 A.M. - 12:15 P.M.,"SPAN 4200 01 XL 17156, TR 1100-1215 CLAS 08/27",,
11:00 A.M. - 12:15 P.M.,"SPAN 5200 01 XL 17228, TR 1100-1215 CLAS 08/27",,
1:10 P.M. - 4:00 P.M.,"AMST 4500 80 XL 17999, R 1310-1600 CLAS 08/29",,
1:10 P.M. - 4:00 P.M.,"AMST 5500 80 XL 18001, R 1310-1600 CLAS 08/29",,
1:10 P.M. - 4:00 P.M.,"GWST 4500 01 XL 17994, R 1310-1600 CLAS 08/29",,
1:10 P.M. - 4:00 P.M.,"GWST 5000 80 XL 18013, R 1310-1600 CLAS 08/29",,
1:10 P.M. - 4:00 P.M.,"HIST 4990 80 XL 18067, R 1310-1600 CLAS 08/29",,
1:10 P.M. - 4:00 P.M.,"HIST 5400 80 XL 18068, R 1310-1600 CLAS 08/29",,
1:10 P.M. - 4:00 P.M.,"LTST 4990 80 XL 16944, R 1310-1600 CLAS 08/29",,
1:10 P.M. - 4:00 P.M.,"NAIS 4990 80 XL 16941, R 1310-1600 CLAS 08/29",,
4:10 P.M. - 5:25 P.M.,"GWST 3600 01 16850, TR 1610-1725 CLAS 08/27",,
CR 219,,,
Event Times,Event,Contact,
9:35 A.M. - 10:50 A.M.,"INST 2350 01 18049, TR 0935-1050 CLAS 08/27",,
11:00 A.M. - 12:15 P.M.,"SOWK 4060 01 11918, TR 1100-1215 CLAS 08/27",,
12:30 P.M. - 5:00 P.M.,LYNX Upgrades,"Behnke, Nick",307-941-0044
CR 221,,,
Event Times,Event,Contact,
9:35 A.M. - 10:50 A.M.,"EE 2150 02 18346, TR 0935-1050 CLAS 08/27",,
11:00 A.M. - 12:15 P.M.,"MOLB 4670 01 XL 13622, TR 1100-1215 CLAS 08/27",,
11:00 A.M. - 12:15 P.M.,"MOLB 5670 01 XL 13623, TR 1100-1215 CLAS 08/27",,
1:20 P.M. - 2:35 P.M.,"GEOG 4445 01 XL 17976, TR 1320-1435 CLAS 08/27",,
1:20 P.M. - 2:35 P.M.,"INST 4445 01 XL 17958, TR 1320-1435 CLAS 08/27",,
1:20 P.M. - 2:35 P.M.,"INST 5445 01 XL 17970, TR 1320-1435 CLAS 08/27",,
1:20 P.M. - 2:35 P.M.,"LTST 4445 01 XL 18092, TR 1320-1435 CLAS 08/27",,
1:20 P.M. - 2:35 P.M.,"POLS 4445 01 XL 17971, TR 1320-1435 CLAS 08/27",,
1:20 P.M. - 2:35 P.M.,"POLS 5445 01 XL 17972, TR 1320-1435 CLAS 08/27",,
2:45 P.M. - 4:00 P.M.,"ACES 1150 01 15859, TR 1445-1600 CLAS 08/27","Garcia, Veronica",
4:10 P.M. - 7:00 P.M.,"ORTM 3050 01 XL 15078, R 1610-1900 CLAS 08/29",,
4:10 P.M. - 7:00 P.M.,"ORTM 5890 01 XL 18237, R 1610-1900 CLAS 08/29",,
CR 222,,,
Event Times,Event,Contact,
9:35 A.M. - 10:50 A.M.,"COSC 2300 01 XL 10309, TR 0935-1050 CLAS 08/27","Garcia, Veronica",
9:35 A.M. - 10:50 A.M.,"MATH 2300 01 XL 10454, TR 0935-1050 CLAS 08/27",,
11:00 A.M. - 12:15 P.M.,"COSC 4760 01 18220, TR 1100-1215 CLAS 08/27",,
CR 225,,,
Event Times,Event,Contact,
2:45 P.M. - 4:00 P.M.,"ANTH 4160 01 XL 17806, TR 1445-1600 CLAS 08/27",,
2:45 P.M. - 4:00 P.M.,"ANTH 5160 01 XL 17807, TR 1445-1600 CLAS 08/27",,
CR 302,,,
Event Times,Event,Contact,
8:10 A.M. - 9:25 A.M.,"MATH 2350 01 10458, TR 0810-0925 CLAS 08/27",,
9:35 A.M. - 10:50 A.M.,"PSYC 1000 01 10002, TR 0935-1050 CLAS 08/27",,
11:00 A.M. - 12:15 P.M.,"MATH 1405 01 10435, TR 1100-1215 CLAS 08/27",,
CR 306,,,
Event Times,Event,Contact,
8:10 A.M. - 9:25 A.M.,"CHEM 1020 03 MMP 12325, TR 0810-0925 CLAS 08/27",,
9:35 A.M. - 10:50 A.M.,"CHEM 1020 04 MMP 11159, TR 0935-1050 CLAS 08/27","Garcia, Veronica",
11:00 A.M. - 12:15 P.M.,"CHEM 1000 01 MMP 10168, TR 1100-1215 CLAS 08/27","Garcia, Veronica",
CR 310,,,
Event Times,Event,Contact,
9:35 A.M. - 10:50 A.M.,"MATH 2355 01 10463, TR 0935-1050 CLAS 08/27",,
11:00 A.M. - 5:00 P.M.,LYNX Podiums,"Ohlschwager, Andrew",
CR 314,,,
Event Times,Event,Contact,
8:10 A.M. - 9:25 A.M.,"REWM 2000 01 12200, TR 0810-0925 CLAS 08/27",,
9:35 A.M. - 10:50 A.M.,"REWM 2400 01 12769, TR 0935-1050 CLAS 08/27",,
EA 207,,,
Event Times,Event,Contact,
9:35 A.M. - 10:50 A.M.,"EDSE 3270 01 10853, TR 0935-1050 CLAS 08/27",,
11:00 A.M. - 12:15 P.M.,"ENGL 1010 23 16051, TR 1100-1215 CLAS 08/27",,
1:20 P.M. - 2:35 P.M.,"EDSE 4270 01 10858, TR 1320-1435 CLAS 08/27",,
EA 211,,,
Event Times,Event,Contact,
9:35 A.M. - 10:50 A.M.,"RMAL 3020 01 18258, TR 0935-1050 CLAS 08/27","Garcia, Veronica",
11:00 A.M. - 12:15 P.M.,"ENGL 4010 04 18458, TR 1100-1215 CLAS 08/27",,
1:20 P.M. - 2:35 P.M.,"CNSL 1000 01 12024, TR 1320-1435 CLAS 08/27",,
2:45 P.M. - 3:35 P.M.,"ENR 3900 01 16755, R 1445-1535 CLAS 08/29","Garcia, Veronica",
EA 215,,,
Event Times,Event,Contact,
9:35 A.M. - 10:50 A.M.,"EDST 2450 03 10862, TR 0935-1050 CLAS 08/27",,
11:00 A.M. - 12:15 P.M.,"ENGL 1010 32 XL 13832, TR 1100-1215 CLAS 08/27","LYNX, CNET",
11:00 A.M. - 12:15 P.M.,"ENGL 1010 32A XL 15662, TR 1100-1215 CLAS 08/27",,
1:20 P.M. - 2:35 P.M.,"ENGL 1010 09 11826, TR 1320-1435 CLAS 08/27",,
EA 225,,,
Event Times,Event,Contact,
9:35 A.M. - 10:50 A.M.,"STEP 1000 17 16801, TR 0935-1050 CLAS 08/27",,
9:35 A.M. - 10:50 A.M.,"STEP 1000 17A 16822, TR 0935-1050 CLAS 08/27","LYNX, CNET",
11:00 A.M. - 12:15 P.M.,"STEP 1000 10 16794, TR 1100-1215 CLAS 08/27",,
1:20 P.M. - 2:35 P.M.,"EDST 2450 04 10863, TR 1320-1435 CLAS 08/27",,
4:30 P.M. - 5:45 P.M.,"EDST 3200 01 15843, TR 1630-1745 CLAS 08/27","Garcia, Veronica",
EA 229,,,
Event Times,Event,Contact,
8:10 A.M. - 9:25 A.M.,"ENGL 1010 02 11825, TR 0810-0925 CLAS 08/27","Garcia, Veronica",
9:35 A.M. - 10:50 A.M.,"NAIS 4100 01 16916, TR 0935-1050 CLAS 08/27","Garcia, Veronica",
11:00 A.M. - 11:50 A.M.,"STEP 1102 06 18212, TR 1100-1150 CLAS 08/27","Garcia, Veronica",
1:00 P.M. - 1:50 P.M.,"SPAN 1010 06 10466, MTWR 1300-1350 CLAS 08/26",,
1:50 P.M. - 3:05 P.M.,"EAP 2110 02 18546, TR 1350-1505 CLAS 08/27","Garcia, Veronica",
EA 304,,,
Event Times,Event,Contact,
1:20 P.M. - 2:35 P.M.,"EDSE 3273 01 10855, TR 1320-1435 CLAS 08/27",,
2:45 P.M. - 4:25 P.M.,"EDSE 4273 01 11438, TR 1445-1625 CLAS 08/27",,
EA 308,,,
Event Times,Event,Contact,
11:00 A.M. - 12:15 P.M.,"EDSE 3275 01 10856, TR 1100-1215 CLAS 08/27",,
1:20 P.M. - 2:50 P.M.,"EDSE 4275 01 17518, TR 1320-1450 CLAS 08/27",,
EA 314,,,
Event Times,Event,Contact,
9:35 A.M. - 10:50 A.M.,"ENGL 1010 16 16049, TR 0935-1050 CLAS 08/27","LYNX, CNET",
12:00 P.M. - 12:50 P.M.,"SPAN 1010 02 17162, MTWR 1200-1250 CLAS 08/26","Garcia, Veronica",
1:20 P.M. - 2:35 P.M.,"EDEX 2484 01 10851, TR 1320-1435 CLAS 08/27",,
EA 318,,,
Event Times,Event,Contact,
2:45 P.M. - 4:00 P.M.,"EDSE 3271 01 10854, TR 1445-1600 CLAS 08/27",,
4:10 P.M. - 6:00 P.M.,"EDSE 4271 01 10859, TR 1610-1800 CLAS 08/27",,
ED 06,,,
Event Times,Event,Contact,
8:00 A.M. - 9:15 A.M.,"EDAG 3150 01 15812, TR 0800-0915 CLAS 08/27",,
ED 117,,,
Event Times,Event,Contact,
12:00 P.M. - 1:00 P.M.,Meeting with the Dean - Directors,"Orr, Jake",
ED 30,,,
Event Times,Event,Contact,
9:35 A.M. - 10:50 A.M.,"EDEL 2170 01 15828, TR 0935-1050 CLAS 08/27",,
ED 332,,,
Event Times,Event,Contact,
11:00 A.M. - 12:00 P.M.,EDAD Program/Faculty Meeting,"LeGal, Tiffany",
ED 4,,,
Event Times,Event,Contact,
2:45 P.M. - 4:00 P.M.,"ITEC 2360 02 10379, TR 1445-1600 CLAS 08/27",,
ED 47,,,
Event Times,Event,Contact,
9:35 A.M. - 12:15 P.M.,"CNSL 5200 01 11898, R 0935-1215 CLAS 08/29",,
EERB 233,,,
Event Times,Event,Contact,
11:00 A.M. - 12:15 P.M.,"PETE 3255 01 11732, TR 1100-1215 CLAS 08/27",,
EERB 251,,,
Event Times,Event,Contact,
9:35 A.M. - 10:50 A.M.,"ORTM 1000 01 13826, TR 0935-1050 CLAS 08/27","Garcia, Veronica",
1:20 P.M. - 2:35 P.M.,"BE 4810 01 XL 17056, TR 1320-1435 CLAS 08/27",,
EN 1034,,,
Event Times,Event,Contact,
9:35 A.M. - 12:30 P.M.,ME 3005 Section 13/14,"Wittstock, Mark",
EN 1044,,,
Event Times,Event,Contact,
9:35 A.M. - 10:50 A.M.,"MATH 2250 04 13768, TR 0935-1050 CLAS 08/27",,
11:00 A.M. - 12:15 P.M.,"CHE 3100 01 13328, TR 1100-1215 CLAS 08/27","Garcia, Veronica",
1:20 P.M. - 2:35 P.M.,"POLS 3260 01 XL 17238, TR 1320-1435 CLAS 08/27",,
2:45 P.M. - 4:00 P.M.,"COSC 5110 01 18162, TR 1445-1600 CLAS 08/27",,
EN 1045,,,
Event Times,Event,Contact,
8:00 A.M. - 9:15 A.M.,"CM 3220 01 18134, TR 0800-0915 CLAS 08/27","Wheat, Lynn",
9:35 A.M. - 10:50 A.M.,"ME 4150 01 14304, TR 0935-1050 CLAS 08/27",,
11:00 A.M. - 12:15 P.M.,"ES 2210 02 10929, TR 1100-1215 CLAS 08/27",,
1:20 P.M. - 2:35 P.M.,"ME 4060 01 XL 11157, TR 1320-1435 CLAS 08/27",,
EN 1062,,,
Event Times,Event,Contact,
11:00 A.M. - 12:00 P.M.,Seminar on Gradescope,"Mukai, David J.",
EN 2044,,,
Event Times,Event,Contact,
9:35 A.M. - 10:50 A.M.,"ESE 3005 13 XL 15608, R 0935-1050 CLAS 08/29",,
9:35 A.M. - 10:50 A.M.,"ME 3005 13 XL 15583, R 0935-1050 CLAS 08/29",,
11:00 A.M. - 12:15 P.M.,"ESE 3005 14 XL 17017, R 1100-1215 CLAS 08/29",,
11:00 A.M. - 12:15 P.M.,"ME 3005 14 XL 17019, R 1100-1215 CLAS 08/29",,
EN 2070,,,
Event Times,Event,Contact,
8:10 A.M. - 9:25 A.M.,"ME 4100 01 17543, TR 0810-0925 CLAS 08/27",,
9:35 A.M. - 10:50 A.M.,"ESE 4461 01 XL 18026, TR 0935-1050 CLAS 08/27",,
9:35 A.M. - 10:50 A.M.,"ME 4461 01 XL 18027, TR 0935-1050 CLAS 08/27",,
9:35 A.M. - 10:50 A.M.,"ME 5461 01 XL 18028, TR 0935-1050 CLAS 08/27",,
11:00 A.M. - 12:15 P.M.,"ME 5474 01 18030, TR 1100-1215 CLAS 08/27",,
EN 2100,,,
Event Times,Event,Contact,
8:10 A.M. - 9:25 A.M.,"EE 3220 01 10874, TR 0810-0925 CLAS 08/27",,
9:35 A.M. - 10:50 A.M.,"MATH 0921 32 10420, TR 0935-1050 CLAS 08/27",,
11:00 A.M. - 11:50 A.M.,"PHYS 1110 26 10332, R 1100-1150 CLAS 08/29",,
1:20 P.M. - 2:35 P.M.,"PSYC 4390 01 17940, TR 1320-1435 CLAS 08/27","Garcia, Veronica",
EN 2101,,,
Event Times,Event,Contact,
9:35 A.M. - 10:15 A.M.,"CM 3220 11 17223, R 0935-1015 CLAS 08/29",,
11:00 A.M. - 12:15 P.M.,"HP 1020 03 10928, TR 1100-1215 CLAS 08/27","Garcia, Veronica",
1:20 P.M. - 2:35 P.M.,"HP 1020 13 17240, TR 1320-1435 CLAS 08/27","Garcia, Veronica",
2:45 P.M. - 4:00 P.M.,"COMP 3000 01 18100, TR 1445-1600 CLAS 08/27","Garcia, Veronica",
EN 2104,,,
Event Times,Event,Contact,
8:10 A.M. - 9:25 A.M.,"ARE 3210 02 15417, TR 0810-0925 CLAS 08/27",,
11:00 A.M. - 2:00 P.M.,CAECM Faculty Meetings,"Denzer, Anthony",
EN 2106,,,
Event Times,Event,Contact,
1:20 P.M. - 2:35 P.M.,"COMM 2095 02 16015, TR 1320-1435 CLAS 08/27",,
2:45 P.M. - 4:00 P.M.,"GIST 2310 01 15584, TR 1445-1600 CLAS 08/27","Garcia, Veronica",
EN 2108,,,
Event Times,Event,Contact,
8:10 A.M. - 9:25 A.M.,"REWM 4830 01 17120, TR 0810-0925 CLAS 08/27",,
9:35 A.M. - 10:50 A.M.,"CE 3210 01 15414, TR 0935-1050 CLAS 08/27",,
11:00 A.M. - 12:15 P.M.,"ENGL 2345 01 16838, TR 1100-1215 CLAS 08/27",,
1:20 P.M. - 3:50 P.M.,"EDST 3100 02 15838, TR 1320-1550 CLAS 08/27","Garcia, Veronica",
EN 2109,,,
Event Times,Event,Contact,
9:35 A.M. - 11:25 A.M.,"PSYC 2000 01 MMP 10004, TR 0935-1125 CLAS 08/27",,
1:10 P.M. - 3:00 P.M.,"ENR 4525 11 XL 17024, R 1310-1500 CLAS 08/29",,
1:10 P.M. - 3:00 P.M.,"ENR 5525 11 XL 17025, R 1310-1500 CLAS 08/29",,
1:10 P.M. - 3:00 P.M.,"GEOL 4525 11 XL 16969, R 1310-1500 CLAS 08/29",,
1:10 P.M. - 3:00 P.M.,"GEOL 5525 11 XL 16963, R 1310-1500 CLAS 08/29",,
3:10 P.M. - 5:00 P.M.,"COSC 1010 12 10299, R 1510-1700 CLAS 08/29",,
EN 2110,,,
Event Times,Event,Contact,
8:00 A.M. - 8:50 A.M.,"SPAN 1010 01 10375, MTWR 0800-0850 CLAS 08/26",,
9:35 A.M. - 10:50 A.M.,"BOT 4200 01 XL 17226, TR 0935-1050 CLAS 08/27","Garcia, Veronica",
9:35 A.M. - 10:50 A.M.,"BOT 5200 01 XL 17227, TR 0935-1050 CLAS 08/27",,
11:00 A.M. - 12:15 P.M.,"SOC 3110 01 17921, TR 1100-1215 CLAS 08/27",,
EN 3044,,,
Event Times,Event,Contact,
9:35 A.M. - 10:50 A.M.,"CE 5590 01 18021, TR 0935-1050 CLAS 08/27",,
EN 3046,,,
Event Times,Event,Contact,
3:40 P.M. - 5:00 P.M.,"CE 3600 11 14128, R 1540-1700 CLAS 08/29",,
EN 3056,,,
Event Times,Event,Contact,
11:00 A.M. - 12:15 P.M.,"ARE 3600 01 12690, TR 1100-1215 CLAS 08/27",,
1:20 P.M. - 2:35 P.M.,"UWYO 3600 01 16082, TR 1320-1435 CLAS 08/27","Garcia, Veronica",
2:45 P.M. - 3:50 P.M.,"UWYO 1010 01 17548, TR 1445-1550 CLAS 08/27","Garcia, Veronica",
EN 3070,,,
Event Times,Event,Contact,
8:10 A.M. - 9:25 A.M.,"CE 3210 02 15416, TR 0810-0925 CLAS 08/27",,
9:35 A.M. - 10:50 A.M.,"CE 3400 01 13244, TR 0935-1050 CLAS 08/27",,
11:00 A.M. - 12:15 P.M.,"AAST 1030 01 XL 14085, TR 1100-1215 CLAS 08/27",,
11:00 A.M. - 12:15 P.M.,"GWST 1030 01 XL 15418, TR 1100-1215 CLAS 08/27",,
1:20 P.M. - 2:35 P.M.,"ARE 4920 01 18625, TR 1320-1435 CLAS 08/27",,
2:45 P.M. - 4:00 P.M.,"ARE 3400 01 XL 10056, TR 1445-1600 CLAS 08/27",,
2:45 P.M. - 4:00 P.M.,"ME 3400 01 XL 11156, TR 1445-1600 CLAS 08/27",,
EN 3102,,,
Event Times,Event,Contact,
11:00 A.M. - 12:15 P.M.,"COJO 3010 01 13753, TR 1100-1215 CLAS 08/27","Garcia, Veronica",
1:20 P.M. - 2:35 P.M.,"EDEL 2140 01 12282, TR 1320-1435 CLAS 08/27","Garcia, Veronica",
EN 3104,,,
Event Times,Event,Contact,
11:00 A.M. - 12:15 P.M.,"ENGL 4040 02 17167, TR 1100-1215 CLAS 08/27","Wheat, Lynn",
3:10 P.M. - 4:00 P.M.,"CE 4650 01 XL 16645, TR 1510-1600 CLAS 08/27",,
3:10 P.M. - 4:00 P.M.,"CE 5650 01 XL 16646, TR 1510-1600 CLAS 08/27",,
EN 3105,,,
Event Times,Event,Contact,
9:35 A.M. - 10:50 A.M.,"ENGL 3010 01 15538, TR 0935-1050 CLAS 08/27",,
11:00 A.M. - 11:50 A.M.,"SPAN 1020 04 12883, MTWR 1100-1150 CLAS 08/26",,
12:00 P.M. - 12:50 P.M.,"SPAN 2040 01 10495, MTWR 1200-1250 CLAS 08/26","LYNX, CNET",
1:10 P.M. - 2:00 P.M.,"EE 4820 01 10968, TR 1310-1400 CLAS 08/27",,
EN 3106,,,
Event Times,Event,Contact,
10:00 A.M. - 10:50 A.M.,"SPAN 1020 03 10482, MTWR 1000-1050 CLAS 08/26","Garcia, Veronica",
11:00 A.M. - 12:15 P.M.,"INST 2230 01 18051, TR 1100-1215 CLAS 08/27","Garcia, Veronica",
1:20 P.M. - 2:35 P.M.,"POLS 3600 01 15294, TR 1320-1435 CLAS 08/27",,
4:10 P.M. - 7:00 P.M.,"INST 4455 01 XL 15285, R 1610-1900 CLAS 08/29",,
4:10 P.M. - 7:00 P.M.,"INST 5455 01 XL 15286, R 1610-1900 CLAS 08/29",,
4:10 P.M. - 7:00 P.M.,"POLS 4455 01 XL 15289, R 1610-1900 CLAS 08/29",,
4:10 P.M. - 7:00 P.M.,"POLS 5455 01 XL 15290, R 1610-1900 CLAS 08/29",,
EN 3110,,,
Event Times,Event,Contact,
11:00 A.M. - 12:15 P.M.,"MATH 4440 01 12028, TR 1100-1215 CLAS 08/27","Garcia, Veronica",
1:20 P.M. - 2:35 P.M.,"LIFE 3500 01 12924, TR 1320-1435 CLAS 08/27",,
3:10 P.M. - 5:10 P.M.,SI CHEM 1000 - Dooley,"Willford, Jessica",766-4322
EN 3111,,,
Event Times,Event,Contact,
8:10 A.M. - 9:25 A.M.,"MATH 1000 01 10427, TR 0810-0925 CLAS 08/27",,
9:35 A.M. - 10:50 A.M.,"MATH 2310 04 11677, TR 0935-1050 CLAS 08/27",,
11:00 A.M. - 12:15 P.M.,"ANTH 1325 1 17801, TR 1100-1215 CLAS 08/27",,
1:20 P.M. - 2:35 P.M.,"STEP 1000 12 XL 16796, TR 1320-1435 CLAS 08/27",,
1:20 P.M. - 2:35 P.M.,"STEP 1000 12A XL 16817, TR 1320-1435 CLAS 08/27",,
EN 3112,,,
Event Times,Event,Contact,
11:00 A.M. - 12:15 P.M.,"CE 2070 01 15455, TR 1100-1215 CLAS 08/27",,
1:20 P.M. - 2:35 P.M.,"CE 3600 01 14126, TR 1320-1435 CLAS 08/27",,
EN 3114,,,
Event Times,Event,Contact,
9:35 A.M. - 10:50 A.M.,"CHE 3072 1 18366, TR 0935-1050 CLAS 08/27",,
11:00 A.M. - 12:15 P.M.,"CE 4610 01 XL 10156, TR 1100-1215 CLAS 08/27",,
11:00 A.M. - 12:15 P.M.,"CE 5610 01 XL 13475, TR 1100-1215 CLAS 08/27",,
1:20 P.M. - 2:35 P.M.,"HP 3050 02 18227, TR 1320-1435 CLAS 08/27","Garcia, Veronica",
6:00 P.M. - 7:00 P.M.,Engineers Without Borders,"Bjorkquist, Hunter",
EN 4023,,,
Event Times,Event,Contact,
9:30 A.M. - 12:00 P.M.,Rock Mechanics Class,"Donahue, Veronica",
EN 4045,,,
Event Times,Event,Contact,
9:35 A.M. - 10:50 A.M.,"PETE 2060 01 12023, TR 0935-1050 CLAS 08/27",,
11:00 A.M. - 12:15 P.M.,"CHE 5355 01 XL 12760, TR 1100-1215 CLAS 08/27",,
1:20 P.M. - 2:35 P.M.,"CHE 3015 01 11355, TR 1320-1435 CLAS 08/27",,
2:45 P.M. - 5:25 P.M.,"CHE 4070 01 MMP 13531, R 1445-1725 CLAS 08/29",,
EN 4059,,,
Event Times,Event,Contact,
11:00 A.M. - 12:15 P.M.,"COSC 4200 01 16769, TR 1100-1215 CLAS 08/27",,
4:10 P.M. - 6:00 P.M.,"COSC 4740 11 14678, R 1610-1800 CLAS 08/29",,
EN 5022,,,
Event Times,Event,Contact,
9:35 A.M. - 10:50 A.M.,"EE 5410 01 18478, TR 0935-1050 CLAS 08/27",,
11:00 A.M. - 12:15 P.M.,"EE 5620 01 18127, TR 1100-1215 CLAS 08/27",,
EN 5058,,,
Event Times,Event,Contact,
4:10 P.M. - 6:00 P.M.,"EE 3312 12 15732, R 1610-1800 CLAS 08/29",,
EN B132,,,
Event Times,Event,Contact,
3:40 P.M. - 5:40 P.M.,"ARE 3210 10 XL 11467, R 1540-1740 CLAS 08/29",,
3:40 P.M. - 5:40 P.M.,"CE 3210 10 XL 10152, R 1540-1740 CLAS 08/29",,
ESB 1004,,,
Event Times,Event,Contact,
9:00 A.M. - 10:50 A.M.,"GEOL 3005 11 16929, R 0900-1050 CLAS 08/29",,
11:10 A.M. - 1:00 P.M.,"GEOL 3005 10 13026, R 1110-1300 CLAS 08/29",,
1:10 P.M. - 3:00 P.M.,"GEOL 3600 10 17911, R 1310-1500 CLAS 08/29",,
3:10 P.M. - 5:00 P.M.,"GEOL 3600 11 17912, R 1510-1700 CLAS 08/29",,
ESB 1006,,,
Event Times,Event,Contact,
8:10 A.M. - 9:25 A.M.,GEOL 4525,"Kasymova, Dariia",
2:45 P.M. - 4:00 P.M.,"GEOL 4777 01 XL 17915, TR 1445-1600 CLAS 08/27",,
2:45 P.M. - 4:00 P.M.,"GEOL 5777 01 XL 17916, TR 1445-1600 CLAS 08/27",,
ESB 1038,,,
Event Times,Event,Contact,
8:10 A.M. - 9:25 A.M.,GEOL 4525,"Kasymova, Dariia",
12:20 P.M. - 1:10 P.M.,"GEOL 5020 01 11032, TR 1220-1310 CLAS 08/27",,
1:20 P.M. - 2:35 P.M.,GEOL 5215,"Kasymova, Dariia",
2:45 P.M. - 4:00 P.M.,Kaszuba's Class 4777,"Kasymova, Dariia",
6:10 P.M. - 8:00 P.M.,"GEOL 4444 10 XL 13706, TR 1810-2000 CLAS 08/27",,
6:10 P.M. - 8:00 P.M.,"GEOL 5444 10 XL 13707, TR 1810-2000 CLAS 08/27",,
FA 126,,,
Event Times,Event,Contact,
9:00 A.M. - 9:50 A.M.,"MUSC 4750 01 10676, TR 0900-0950 CLAS 08/27","Garcia, Veronica",
GE 202,,,
Event Times,Event,Contact,
1:10 P.M. - 3:00 P.M.,"GEOL 2010 10 17904, R 1310-1500 CLAS 08/29",,
GE 209,,,
Event Times,Event,Contact,
9:35 A.M. - 10:50 A.M.,"GEOG 4080 01 17929, TR 0935-1050 CLAS 08/27","Ohlschwager, Andrew",
11:00 A.M. - 12:15 P.M.,"ENR 4040 01 XL 12204, TR 1100-1215 CLAS 08/27",,
11:00 A.M. - 12:15 P.M.,"GEOG 4040 01 XL 12054, TR 1100-1215 CLAS 08/27",,
11:00 A.M. - 12:15 P.M.,"GEOG 5040 01 XL 15363, TR 1100-1215 CLAS 08/27",,
1:10 P.M. - 3:00 P.M.,"GEOL 2050 01 MMP 17906, R 1310-1500 CLAS 08/29",,
GE 211,,,
Event Times,Event,Contact,
8:00 A.M. - 9:50 A.M.,"GEOL 1100 13 10943, R 0800-0950 CLAS 08/29",,
10:00 A.M. - 11:50 A.M.,"GEOL 1100 14 10944, R 1000-1150 CLAS 08/29",,
1:10 P.M. - 3:00 P.M.,"GEOL 1100 15 11297, R 1310-1500 CLAS 08/29",,
3:10 P.M. - 5:00 P.M.,"GEOL 1100 16 11298, R 1510-1700 CLAS 08/29",,
7:00 P.M. - 8:50 P.M.,"GEOL 1100 17 11299, R 1900-2050 CLAS 08/29",,
GE 213,,,
Event Times,Event,Contact,
5:00 P.M. - 6:00 P.M.,"GEOL 4490 01 MMP 18379, TR 1700-1800 CLAS 08/27",,
GE 216,,,
Event Times,Event,Contact,
9:35 A.M. - 10:50 A.M.,"CRMJ 2400 01 XL 10521, TR 0935-1050 CLAS 08/27",,
9:35 A.M. - 10:50 A.M.,"SOC 2400 01 XL 10116, TR 0935-1050 CLAS 08/27",,
11:00 A.M. - 12:15 P.M.,"GEOL 3600 01 17910, TR 1100-1215 CLAS 08/27",,
1:20 P.M. - 2:35 P.M.,"GEOL 1060 01 15305, TR 1320-1435 CLAS 08/27",,
GE 311G,,,
Event Times,Event,Contact,
1:20 P.M. - 2:35 P.M.,"GEOL 4880 01 17917, TR 1320-1435 CLAS 08/27",,
GE 318,,,
Event Times,Event,Contact,
9:35 A.M. - 10:50 A.M.,"GEOL 2010 01 17903, TR 0935-1050 CLAS 08/27",,
11:00 A.M. - 12:15 P.M.,"GEOL 4200 02 XL 17086, TR 1100-1215 CLAS 08/27",,
11:00 A.M. - 12:15 P.M.,"GEOL 5200 02 XL 17087, TR 1100-1215 CLAS 08/27",,
GH 106,,,
Event Times,Event,Contact,
8:10 A.M. - 9:25 A.M.,"HP 1020 05 14226, TR 0810-0925 CLAS 08/27",,
9:35 A.M. - 10:50 A.M.,"HP 1020 09 15749, TR 0935-1050 CLAS 08/27",,
1:20 P.M. - 2:35 P.M.,"HP 1020 10 15750, TR 1320-1435 CLAS 08/27",,
2:45 P.M. - 4:00 P.M.,"HP 1020 04 13428, TR 1445-1600 CLAS 08/27",,
HA 115,,,
Event Times,Event,Contact,
8:15 A.M. - 9:45 A.M.,Rooted Campus Ministry,"Stack, Michael",
10:00 A.M. - 11:00 A.M.,UW IT Meeting,"Luke, Sarah",766-3428
2:45 P.M. - 4:25 P.M.,"STEP 1102 09 14423, R 1445-1625 CLAS 08/29","Wheat, Lynn",
4:45 P.M. - 6:00 P.M.,Rooted Campus Ministry,"Luke, Sarah",766-3428
HA 117,,,
Event Times,Event,Contact,
10:00 A.M. - 11:00 A.M.,UW IT Meeting,"Luke, Sarah",766-3428
HA 119,,,
Event Times,Event,Contact,
3:00 P.M. - 4:00 P.M.,Student Affairs Business Meeting,"Gunter, Zac",
HA 210N,,,
Event Times,Event,Contact,
6:00 P.M. - 8:00 P.M.,Club Volleyball Practice,"Rademacher, Joe",
HA 225,,,
Event Times,Event,Contact,
5:30 P.M. - 6:30 P.M.,Fitness Class - Zumba,"Bretting, Kevin",
HA 227,,,
Event Times,Event,Contact,
6:15 A.M. - 7:15 A.M.,Fitness Class - Cycling,"Bretting, Kevin",
12:10 P.M. - 1:10 P.M.,Fitness Class - Cycling,"Bretting, Kevin",
6:15 P.M. - 7:15 P.M.,Fitness Class - Cycling,"Bretting, Kevin",
HA 323,,,
Event Times,Event,Contact,
5:30 P.M. - 6:30 P.M.,Fitness Class - Yoga,"Bretting, Kevin",
HA 327,,,
Event Times,Event,Contact,
12:00 P.M. - 1:00 P.M.,Fitness Class - Total Body Training,"Bretting, Kevin",
HI 155,,,
Event Times,Event,Contact,
9:35 A.M. - 10:50 A.M.,"HIST 4470 01 XL 17841, TR 0935-1050 CLAS 08/27",,
9:35 A.M. - 10:50 A.M.,"HIST 5470 01 XL 18411, TR 0935-1050 CLAS 08/27",,
11:00 A.M. - 12:15 P.M.,"CW 1040 1 18180, TR 1100-1215 CLAS 08/27","Garcia, Veronica",
1:20 P.M. - 2:35 P.M.,"ENGL 1010 24 16052, TR 1320-1435 CLAS 08/27","Garcia, Veronica",
2:45 P.M. - 4:00 P.M.,"HIST 4530 01 XL 15354, TR 1445-1600 CLAS 08/27",,
2:45 P.M. - 4:00 P.M.,"HIST 5530 01 XL 15389, TR 1445-1600 CLAS 08/27",,
HI 156,,,
Event Times,Event,Contact,
8:10 A.M. - 9:25 A.M.,"HIST 5400 03 18748, TR 0810-0925 CLAS 08/27",,
11:00 A.M. - 12:15 P.M.,"HIST 4030 01 11050, TR 1100-1215 CLAS 08/27",,
2:45 P.M. - 4:00 P.M.,"HIST 4406 01 17837, TR 1445-1600 CLAS 08/27",,
2:45 P.M. - 4:00 P.M.,"HIST 5406 01 18410, TR 1445-1600 CLAS 08/27","Garcia, Veronica",
HO 005,,,
Event Times,Event,Contact,
10:00 A.M. - 10:50 A.M.,"FREN 1010 02 18508, MTWR 1000-1050 CLAS 08/26","Garcia, Veronica",
11:00 A.M. - 12:15 P.M.,"COMM 2010 12 17454, TR 1100-1215 CLAS 08/27",,
1:20 P.M. - 2:35 P.M.,ENGL 4061,"Somlyay, Laszlo",
2:45 P.M. - 4:00 P.M.,"ENGL 3600 02 17486, TR 1445-1600 CLAS 08/27",,
HO 008,,,
Event Times,Event,Contact,
8:00 A.M. - 9:30 A.M.,MCL faculty meetings,"Somlyay, Laszlo",
HO 011,,,
Event Times,Event,Contact,
9:35 A.M. - 10:50 A.M.,"GERM 2030 01 MMP 11042, TR 0935-1050 CLAS 08/27","Garcia, Veronica",
9:35 A.M. - 10:50 A.M.,"GERM 2040 01 17212, TR 0935-1050 CLAS 08/27","LYNX, CNET",
11:00 A.M. - 12:50 P.M.,"FREN 2030 01 16982, TR 1100-1250 CLAS 08/27","LYNX, CNET",
2:45 P.M. - 4:00 P.M.,"SPAN 3050 01 16999, TR 1445-1600 CLAS 08/27",,
HO 012,,,
Event Times,Event,Contact,
9:35 A.M. - 10:50 A.M.,ENGL 4067,"Somlyay, Laszlo",
4:30 P.M. - 6:00 P.M.,ENGL 5975 meetings,"Somlyay, Laszlo",
HO 037,,,
Event Times,Event,Contact,
9:35 A.M. - 10:50 A.M.,"ENGL 2025 02 13732, TR 0935-1050 CLAS 08/27","LYNX, CNET",
11:00 A.M. - 12:50 P.M.,FREN 2030,"Somlyay, Laszlo",
1:10 P.M. - 3:00 P.M.,"MOLB 5050 01 11296, R 1310-1500 CLAS 08/29","Garcia, Veronica",
3:10 P.M. - 4:00 P.M.,"CHIN 2030 01 10054, MTWR 1510-1600 CLAS 08/26","LYNX, CNET",
4:10 P.M. - 5:00 P.M.,"CHIN 1010 01 11070, MTWR 1610-1700 CLAS 08/26","LYNX, CNET",
HO 125,,,
Event Times,Event,Contact,
8:10 A.M. - 9:25 A.M.,"ECOL 5200 80 XL 15268, TR 0810-0925 CLAS 08/27",,
8:10 A.M. - 9:25 A.M.,"REWM 5200 01 XL 15262, TR 0810-0925 CLAS 08/27",,
9:35 A.M. - 10:50 A.M.,"COMM 2010 09 17835, TR 0935-1050 CLAS 08/27",,
11:00 A.M. - 11:50 A.M.,"ARBC 1010 01 11913, MTWR 1100-1150 CLAS 08/26","Garcia, Veronica",
1:20 P.M. - 2:35 P.M.,SPAN 5900,"Somlyay, Laszlo",
3:10 P.M. - 6:00 P.M.,"ENGL 5010 02 18071, R 1510-1800 CLAS 08/29",,
HO 142,,,
Event Times,Event,Contact,
11:00 A.M. - 12:50 P.M.,FREN 2030,"Somlyay, Laszlo",
1:20 P.M. - 2:35 P.M.,"ENGL 4040 01 18063, TR 1320-1435 CLAS 08/27","LYNX, CNET",
2:45 P.M. - 4:00 P.M.,ENGL 4999,"Somlyay, Laszlo",
4:30 P.M. - 6:00 P.M.,ENGL 5975 weekly meeting,"Somlyay, Laszlo",
HS 105,,,
Event Times,Event,Contact,
9:00 A.M. - 9:50 A.M.,"PHCY 6230 01 10257, MTR 0900-0950 CLAS 08/26","Ohlschwager, Andrew",
10:00 A.M. - 10:50 A.M.,"PHCY 6230 20 10258, TR 1000-1050 CLAS 08/27",,
11:00 A.M. - 12:15 P.M.,"PHCY 6341 01 10261, TR 1100-1215 CLAS 08/27",,
HS 205,,,
Event Times,Event,Contact,
11:00 A.M. - 12:00 P.M.,Advising Meeting,"Howe, Krista J.",
HS 248,,,
Event Times,Event,Contact,
8:10 A.M. - 9:25 A.M.,"SPPA 5280 01 13989, TR 0810-0925 CLAS 08/27",,
1:10 P.M. - 2:35 P.M.,"SPPA 5140 01 15492, TR 1310-1435 CLAS 08/27",,
HS 364,,,
Event Times,Event,Contact,
7:00 A.M. - 7:00 P.M.,"NURS 3695 01 13637, TR 0700-1900 CLAS 08/27",,
7:00 A.M. - 7:00 P.M.,"NURS 4695 01 14236, TR 0700-1900 CLAS 08/27",,
HS 427,,,
Event Times,Event,Contact,
9:00 A.M. - 9:50 A.M.,"SPAN 1010 03 10377, MTWR 0900-0950 CLAS 08/26",,
10:00 A.M. - 10:50 A.M.,"PHCY 6106 01 11059, TR 1000-1050 CLAS 08/27",,
11:00 A.M. - 11:50 A.M.,"PHCY 6100 01 10256, MTWR 1100-1150 CLAS 08/26",,
1:20 P.M. - 2:35 P.M.,"PETE 5890 01 10237, R 1320-1435 CLAS 08/29",,
2:45 P.M. - 4:00 P.M.,"COSC 3015 01 10310, TR 1445-1600 CLAS 08/27","Garcia, Veronica",
HS 463,,,
Event Times,Event,Contact,
9:35 A.M. - 10:50 A.M.,"PHCY 6312 01 10260, TR 0935-1050 CLAS 08/27",,
11:00 A.M. - 12:15 P.M.,"PHCY 6240 01 14042, TR 1100-1215 CLAS 08/27",,
1:20 P.M. - 2:35 P.M.,"CRMJ 3350 01 12296, TR 1320-1435 CLAS 08/27",,
LS 170,,,
Event Times,Event,Contact,
9:30 A.M. - 10:50 A.M.,"LAW 6150 01 17098, TR 0930-1050 CLAS 08/20",,
11:00 A.M. - 12:20 P.M.,"LAW 6915 07 18233, TR 1100-1220 CLAS 08/20",,
1:15 P.M. - 2:35 P.M.,"LAW 6630 01 11947, TR 1315-1435 CLAS 08/20",,
2:45 P.M. - 4:05 P.M.,"LAW 6790 01 12073, TR 1445-1605 CLAS 08/20",,
LS 178,,,
Event Times,Event,Contact,
8:25 A.M. - 9:20 A.M.,"LAW 6165 04 11527, R 0825-0920 CLAS 08/22",,
9:30 A.M. - 10:50 A.M.,"LAW 6240 01 11805, TR 0930-1050 CLAS 08/20",,
11:00 A.M. - 12:20 P.M.,"LAW 6120 01 10412, TR 1100-1220 CLAS 08/20",,
1:15 P.M. - 2:35 P.M.,"LAW 6160 01 15870, TR 1315-1435 CLAS 08/20",,
3:15 P.M. - 4:35 P.M.,"LAW 6160 04 15873, TR 1515-1635 CLAS 08/20",,
LS 182,,,
Event Times,Event,Contact,
9:30 A.M. - 10:50 A.M.,"LAW 6935 01 18224, TR 0930-1050 CLAS 08/20",,
11:00 A.M. - 12:20 P.M.,"LAW 6660 01 18225, TR 1100-1220 CLAS 08/20",,
1:15 P.M. - 2:35 P.M.,"LAW 6915 01 18166, TR 1315-1435 CLAS 08/20",,
2:45 P.M. - 5:30 P.M.,"LAW 6565 01 15892, R 1445-1730 CLAS 08/22",,
LS 186,,,
Event Times,Event,Contact,
8:00 A.M. - 9:20 A.M.,"LAW 6615 01 15914, TR 0800-0920 CLAS 08/20",,
9:30 A.M. - 10:50 A.M.,"LAW 6745 01 17094, TR 0930-1050 CLAS 08/20",,
2:45 P.M. - 4:05 P.M.,"LAW 6915 06 17121, TR 1445-1605 CLAS 08/20",,
LS 191,,,
Event Times,Event,Contact,
12:30 P.M. - 1:00 P.M.,Outlining Workshop,"Klein, Matthew T.",
1:15 P.M. - 2:35 P.M.,"LAW 6775 01 17097, TR 1315-1435 CLAS 08/20",,
PS,,,
Event Times,Event,Contact,
8:00 A.M. - 5:00 P.M.,Faculty & Staff BBQ,"Webb, Kathy",307.766.3732
PS 137,,,
Event Times,Event,Contact,
2:45 P.M. - 5:15 P.M.,"PHYS 3640 01 12145, TR 1445-1715 CLAS 08/27",,
PS 138,,,
Event Times,Event,Contact,
9:35 A.M. - 10:50 A.M.,"CHEM 4230 01 15297, TR 0935-1050 CLAS 08/27",,
2:10 P.M. - 5:00 P.M.,"CHEM 4230 10 MMP 10212, R 1410-1700 CLAS 08/29",,
PS 202,,,
Event Times,Event,Contact,
3:00 P.M. - 4:00 P.M.,Scott Orr_ Office Hours,"Webb, Kathy",307.766.3732
PS 227,,,
Event Times,Event,Contact,
1:20 P.M. - 2:35 P.M.,"ASTR 5470 01 17802, TR 1320-1435 CLAS 08/27",,
PS 231,,,
Event Times,Event,Contact,
12:00 P.M. - 1:00 P.M.,Adam Tedeschi_ TA Office Hours,"Webb, Kathy",307.766.3732
1:00 P.M. - 2:00 P.M.,Caleb Eastlund Office Hours,"Webb, Kathy",307.766.3732
5:00 P.M. - 6:00 P.M.,Mila Myers_ office hours (PHYS 1220),"Webb, Kathy",307.766.3732
PS 234,,,
Event Times,Event,Contact,
9:35 A.M. - 10:50 A.M.,"PHYS 4410 01 12037, TR 0935-1050 CLAS 08/27",,
11:00 A.M. - 12:15 P.M.,"PHYS 4510 01 11719, TR 1100-1215 CLAS 08/27",,
1:20 P.M. - 2:35 P.M.,"PHYS 2310 01 10337, TR 1320-1435 CLAS 08/27",,
2:45 P.M. - 4:00 P.M.,"ECOL 5100 02 13053, TR 1445-1600 CLAS 08/27",,
5:00 P.M. - 7:00 P.M.,"CHEM 5100 1 18689, MTWR 1700-1900 CLAS 08/26",,
PS 239,,,
Event Times,Event,Contact,
9:35 A.M. - 10:50 A.M.,"ATSC 2200 01 18062, TR 0935-1050 CLAS 08/27",,
12:00 P.M. - 1:00 P.M.,Astro PH Meetings,"Olson, Tricia",
PS 334,,,
Event Times,Event,Contact,
9:35 A.M. - 10:50 A.M.,"CHEM 5220 1 17896, TR 0935-1050 CLAS 08/27",,
12:00 P.M. - 1:00 P.M.,Kui Chen - TA Meetings,"Olson, Tricia",
4:00 P.M. - 5:00 P.M.,Joshua Ejeka_ Office hours,"Webb, Kathy",307.766.3732
PS 446,,,
Event Times,Event,Contact,
3:00 P.M. - 5:00 P.M.,Hoberg_ group meeting,"Webb, Kathy",307.766.3732
STEM 105,,,
Event Times,Event,Contact,
9:35 A.M. - 10:50 A.M.,"MATH 0900 31 17040, TR 0935-1050 CLAS 08/27",,
11:00 A.M. - 12:15 P.M.,"MATH 0921 33 10421, TR 1100-1215 CLAS 08/27",,
1:20 P.M. - 2:35 P.M.,"MATH 0925 31 10422, TR 1320-1435 CLAS 08/27",,
2:45 P.M. - 4:25 P.M.,"LIFE 2100 10 14578, R 1445-1625 CLAS 08/29",,
STEM 120,,,
Event Times,Event,Contact,
8:00 A.M. - 9:20 A.M.,"KIN 4074 01 XL 16361, TR 0800-0920 CLAS 08/27",,
8:00 A.M. - 9:20 A.M.,"KIN 5900 02 XL 16434, TR 0800-0920 CLAS 08/27",,
9:35 A.M. - 10:50 A.M.,"MATH 0925 34 10425, TR 0935-1050 CLAS 08/27",,
11:00 A.M. - 12:15 P.M.,"MATH 0925 35 16413, TR 1100-1215 CLAS 08/27",,
1:10 P.M. - 2:00 P.M.,"MATH 1400 26 12950, R 1310-1400 CLAS 08/29",,
2:10 P.M. - 3:00 P.M.,"MATH 1400 27 12951, R 1410-1500 CLAS 08/29",,
3:10 P.M. - 4:00 P.M.,"MATH 1400 28 12952, R 1510-1600 CLAS 08/29",,
4:10 P.M. - 5:00 P.M.,"MATH 1400 29 12953, R 1610-1700 CLAS 08/29",,
STEM 145,,,
Event Times,Event,Contact,
1:20 P.M. - 4:10 P.M.,"PHYS 1090 01 11717, TR 1320-1610 CLAS 08/27",,
STEM 155,,,
Event Times,Event,Contact,
9:00 A.M. - 9:50 A.M.,"MATH 2210 22 17047, R 0900-0950 CLAS 08/29",,
10:00 A.M. - 10:50 A.M.,"MATH 2210 23 17048, R 1000-1050 CLAS 08/29",,
11:00 A.M. - 11:50 A.M.,"MATH 2210 24 17049, R 1100-1150 CLAS 08/29",,
12:00 P.M. - 12:50 P.M.,"MATH 2210 25 17050, R 1200-1250 CLAS 08/29",,
1:10 P.M. - 2:00 P.M.,"MATH 1405 20 12691, R 1310-1400 CLAS 08/29",,
2:10 P.M. - 3:00 P.M.,"MATH 1405 21 12700, R 1410-1500 CLAS 08/29",,
3:10 P.M. - 4:00 P.M.,"MATH 1405 22 12701, R 1510-1600 CLAS 08/29",,
4:10 P.M. - 5:00 P.M.,"MATH 1405 23 12702, R 1610-1700 CLAS 08/29",,
STEM 160,,,
Event Times,Event,Contact,
1:10 P.M. - 2:00 P.M.,"STAT 2050 14 10510, TR 1310-1400 CLAS 08/27",,
2:10 P.M. - 4:00 P.M.,"MICR 4321 10 12720, TR 1410-1600 CLAS 08/27","Wheat, Lynn",
STEM 180,,,
Event Times,Event,Contact,
1:10 P.M. - 2:00 P.M.,"STAT 2050 22 17797, TR 1310-1400 CLAS 08/27",,
2:10 P.M. - 3:00 P.M.,"STAT 2050 15 10511, TR 1410-1500 CLAS 08/27",,
3:10 P.M. - 4:00 P.M.,"STAT 2050 16 10512, TR 1510-1600 CLAS 08/27",,
4:10 P.M. - 5:00 P.M.,"STAT 2050 17 10759, TR 1610-1700 CLAS 08/27",,
STEM 195,,,
Event Times,Event,Contact,
10:00 A.M. - 10:50 A.M.,"ES 1060 02 10985, TR 1000-1050 CLAS 08/27","Garcia, Veronica",
1:20 P.M. - 2:35 P.M.,"ENR 3950 01 XL 15712, TR 1320-1435 CLAS 08/27","Garcia, Veronica",
1:20 P.M. - 2:35 P.M.,"SOC 3950 01 XL 15701, TR 1320-1435 CLAS 08/27",,
STEM 205,,,
Event Times,Event,Contact,
8:10 A.M. - 9:25 A.M.,"MATH 0925 36 17186, TR 0810-0925 CLAS 08/27",,
9:35 A.M. - 10:50 A.M.,"MATH 0925 37 17187, TR 0935-1050 CLAS 08/27",,
11:00 A.M. - 12:15 P.M.,"FCSC 2121 01 12289, TR 1100-1215 CLAS 08/27","Garcia, Veronica",
2:10 P.M. - 3:00 P.M.,"STAT 2050 23 17798, TR 1410-1500 CLAS 08/27",,
3:10 P.M. - 4:00 P.M.,"STAT 2050 24 17799, TR 1510-1600 CLAS 08/27",,
4:10 P.M. - 5:00 P.M.,"STAT 2050 25 17800, TR 1610-1700 CLAS 08/27",,
STEM 215,,,
Event Times,Event,Contact,
9:35 A.M. - 10:50 A.M.,"STAT 4015 01 XL 11701, TR 0935-1050 CLAS 08/27",,
9:35 A.M. - 10:50 A.M.,"STAT 5015 01 XL 11702, TR 0935-1050 CLAS 08/27",,
11:00 A.M. - 12:15 P.M.,"BOT 4395 01 XL 17995, TR 1100-1215 CLAS 08/27","Garcia, Veronica",
11:00 A.M. - 12:15 P.M.,"BOT 5395 01 XL 17997, TR 1100-1215 CLAS 08/27",,
STEM 220,,,
Event Times,Event,Contact,
9:35 A.M. - 10:50 A.M.,"COMM 2100 02 16021, TR 0935-1050 CLAS 08/27",,
11:00 A.M. - 12:15 P.M.,"COMM 2100 03 16022, TR 1100-1215 CLAS 08/27",,
STEM 225,,,
Event Times,Event,Contact,
8:10 A.M. - 9:25 A.M.,"MATH 4600 01 10476, TR 0810-0925 CLAS 08/27",,
9:35 A.M. - 10:50 A.M.,"MATH 2120 01 14349, TR 0935-1050 CLAS 08/27",,
11:00 A.M. - 12:15 P.M.,"MATH 1100 02 10429, TR 1100-1215 CLAS 08/27",,
1:20 P.M. - 2:35 P.M.,"MATH 4150 01 10472, TR 1320-1435 CLAS 08/27",,
2:45 P.M. - 4:00 P.M.,"MATH 4200 01 18197, TR 1445-1600 CLAS 08/27",,
STEM 245,,,
Event Times,Event,Contact,
12:30 P.M. - 5:30 P.M.,"LIFE 3410 02 11466, R 1230-1730 CLAS 08/29",,
STEM 255,,,
Event Times,Event,Contact,
8:10 A.M. - 9:25 A.M.,"MATH 2205 24 12914, R 0810-0925 CLAS 08/29",,
9:35 A.M. - 10:50 A.M.,"MATH 2205 25 12915, R 0935-1050 CLAS 08/29",,
11:00 A.M. - 12:15 P.M.,"MATH 2205 26 12916, R 1100-1215 CLAS 08/29",,
1:20 P.M. - 2:35 P.M.,"MATH 2205 27 12917, R 1320-1435 CLAS 08/29",,
STEM 265,,,
Event Times,Event,Contact,
1:10 P.M. - 3:00 P.M.,"LIFE 1010 15 11476, R 1310-1500 CLAS 08/29",,
STEM 275,,,
Event Times,Event,Contact,
1:10 P.M. - 3:00 P.M.,"LIFE 1010 25 11483, R 1310-1500 CLAS 08/29",,
STEM 280,,,
Event Times,Event,Contact,
9:35 A.M. - 11:50 A.M.,"LIFE 1020 01 11461, TR 0935-1150 CLAS 08/27",,
1:20 P.M. - 2:35 P.M.,"PATB 4170 01 XL 18052, TR 1320-1435 CLAS 08/27","Garcia, Veronica",
1:20 P.M. - 2:35 P.M.,"PATB 5170 01 XL 18053, TR 1320-1435 CLAS 08/27",,
STEM 285,,,
Event Times,Event,Contact,
1:10 P.M. - 3:00 P.M.,"LIFE 1010 35 18083, R 1310-1500 CLAS 08/29",,
STEM 315,,,
Event Times,Event,Contact,
9:35 A.M. - 10:50 A.M.,"PHYS 3000 01 16575, TR 0935-1050 CLAS 08/27","LYNX, CNET",
12:45 P.M. - 2:00 P.M.,"CHEM 4560 1 XL 17893, TR 1245-1400 CLAS 08/27","Garcia, Veronica",
12:45 P.M. - 2:00 P.M.,"CHEM 5560 01 XL 17899, TR 1245-1400 CLAS 08/27",,
3:10 P.M. - 5:00 P.M.,"COSC 1010 18 17438, R 1510-1700 CLAS 08/29",,
6:10 P.M. - 8:00 P.M.,"COSC 1010 13 10300, R 1810-2000 CLAS 08/29",,
STEM 320,,,
Event Times,Event,Contact,
9:35 A.M. - 10:50 A.M.,"ENR 4890 01 17858, TR 0935-1050 CLAS 08/27",,
1:20 P.M. - 2:35 P.M.,"STAT 5050 01 11365, TR 1320-1435 CLAS 08/27",,
STEM 335,,,
Event Times,Event,Contact,
2:10 P.M. - 5:00 P.M.,"CHEM 2420 20 10209, R 1410-1700 CLAS 08/29",,
STEM 345,,,
Event Times,Event,Contact,
2:10 P.M. - 5:00 P.M.,"CHEM 2420 21 10210, R 1410-1700 CLAS 08/29",,
VA 150,,,
Event Times,Event,Contact,
1:30 P.M. - 3:50 P.M.,"ART 2310 01 13859, TR 1330-1550 CLAS 08/27",,
VA 229,,,
Event Times,Event,Contact,
11:00 A.M. - 1:20 P.M.,"ART 2112 01 11670, TR 1100-1320 CLAS 08/27",,
1:30 P.M. - 3:50 P.M.,"ART 3112 01 15122, TR 1330-1550 CLAS 08/27",,
VA 235,,,
Event Times,Event,Contact,
11:00 A.M. - 1:20 P.M.,"ART 2350 01 11671, TR 1100-1320 CLAS 08/27",,
1:30 P.M. - 3:50 P.M.,"ART 3350 01 12012, TR 1330-1550 CLAS 08/27",,
1:30 P.M. - 3:50 P.M.,"ART 4355 01 14391, TR 1330-1550 CLAS 08/27",,
VA 244,,,
Event Times,Event,Contact,
1:30 P.M. - 3:50 P.M.,"ART 1110 02 10082, TR 1330-1550 CLAS 08/27",,
VA 248,,,
Event Times,Event,Contact,
8:00 A.M. - 10:20 A.M.,"ART 1130 02 15125, TR 0800-1020 CLAS 08/27",,
11:00 A.M. - 1:20 P.M.,"ART 3430 01 14413, TR 1100-1320 CLAS 08/27",,
1:30 P.M. - 3:50 P.M.,"ART 4460 01 15124, TR 1330-1550 CLAS 08/27",,
VA 254,,,
Event Times,Event,Contact,
11:00 A.M. - 1:20 P.M.,"ART 1005 01 12873, TR 1100-1320 CLAS 08/27",,
4:10 P.M. - 6:30 P.M.,"ART 1005 02 11352, TR 1610-1830 CLAS 08/27",,
VA 256,,,
Event Times,Event,Contact,
8:00 A.M. - 10:20 A.M.,"ART 2210 01 10085, TR 0800-1020 CLAS 08/27",,
11:00 A.M. - 1:20 P.M.,"ART 3210 01 17314, TR 1100-1320 CLAS 08/27",,
11:00 A.M. - 1:20 P.M.,"ART 4210 01 17315, TR 1100-1320 CLAS 08/27",,
Report Printed on Sep 5 2024 at 9:06 AM,,,Page 210 of 210
Location Search: CTS Room Checks,,,