,,,,,,,,,,,,,,,,,,,,,,,,,,,,,,,,,,,,,,,
AB 0103,MWF 0900-0950,MWF 1000-1050,MWF 1310-1400,MW 1610-1730,TR 0800-0915,TR 1100-1215,TR 1320-1435,TR 1510-1700,,,,,,,,,,,,,,,,,,,,,,,,,,,,,,,
AB 0104,MWF 0800-0850,MWF 1310-1400,TR 0810-0925,TR 1100-1215,MWF 0800-0850,W 1150-1300,MWF 1310-1400,,,,,,,,,,,,,,,,,,,,,,,,,,,,,,,,
AB 0106,TR 0935-1050,F 1310-1700,,,,,,,,,,,,,,,,,,,,,,,,,,,,,,,,,,,,,
AB 0202,,,,,,,,,,,,,,,,,,,,,,,,,,,,,,,,,,,,,,,
AB 0204,,,,,,,,,,,,,,,,,,,,,,,,,,,,,,,,,,,,,,,
AC 0100,,,,,,,,,,,,,,,,,,,,,,,,,,,,,,,,,,,,,,,
AC 0219,,,,,,,,,,,,,,,,,,,,,,,,,,,,,,,,,,,,,,,
AC 0221,,,,,,,,,,,,,,,,,,,,,,,,,,,,,,,,,,,,,,,
AC 0404,,,,,,,,,,,,,,,,,,,,,,,,,,,,,,,,,,,,,,,
AG 1030,,,,,,,,,,,,,,,,,,,,,,,,,,,,,,,,,,,,,,,
AG 1032,MWF 1000-1050,MWF 1100-1150,MWF 1200-1250,MWF 1310-1400,MWF 1410-1500,MWF 1610-1700,TR 0935-1050,TR 1320-1435,TR 1515-1630,TR 0935-1050,R 1220-1310,TR 1320-1435,TR 1515-1630,,,,,,,,,,,,,,,,,,,,,,,,,,
AG 0137,,,,,,,,,,,,,,,,,,,,,,,,,,,,,,,,,,,,,,,
AG 0142,,,,,,,,,,,,,,,,,,,,,,,,,,,,,,,,,,,,,,,
AG 2018,MWF 1200-1250,TR 0810-0925,TR 0935-1050,TR 1100-1215,TR 1320-1435,,,,,,,,,,,,,,,,,,,,,,,,,,,,,,,,,,
AG 2024,,,,,,,,,,,,,,,,,,,,,,,,,,,,,,,,,,,,,,,
AG 0022,,,,,,,,,,,,,,,,,,,,,,,,,,,,,,,,,,,,,,,
AG 0223,MWF 1000-1050,MW 1100-1215,MW 1310-1425,MW 1600-1715,T 0935-1050,TR 1320-1435,TR 1445-1600,MWF 1000-1050,F 1200-1250,F 1310-1400,F 1410-1500,,,,,,,,,,,,,,,,,,,,,,,,,,,,
AG 0229,MWF 0800-0850,MWF 1310-1400,TR 0810-0925,TR 0935-1050,T 1500-1630,MWF 0800-0850,W 1000-1150,MWF 1310-1400,,,,,,,,,,,,,,,,,,,,,,,,,,,,,,,
AG 0237,MWF 0800-0850,TR 1320-1435,MWF 0800-0850,W 1210-1500,,,,,,,,,,,,,,,,,,,,,,,,,,,,,,,,,,,
AG 0240,,,,,,,,,,,,,,,,,,,,,,,,,,,,,,,,,,,,,,,
AG 3026,MW 0900-0950,MW 1100-1250,M 1410-1700,T 1200-1350,MW 0900-0950,MW 1100-1250,W 1410-1500,W 1510-1700,R 0810-0925,,,,,,,,,,,,,,,,,,,,,,,,,,,,,,
AG 3027,MW 1410-1500,TR 1100-1300,MW 1410-1500,W 1510-1700,TR 1100-1300,R 1320-1435,,,,,,,,,,,,,,,,,,,,,,,,,,,,,,,,,
AG 3028,MWF 0900-0950,MWF 1100-1150,TR 0935-1050,TR 1445-1600,,,,,,,,,,,,,,,,,,,,,,,,,,,,,,,,,,,
AG 3030,MW 1000-1250,MW 1410-1600,,,,,,,,,,,,,,,,,,,,,,,,,,,,,,,,,,,,,
AG 0328,MW 1000-1200,M 1210-1300,MW 1410-1500,TR 1100-1215,T 1510-1700,MW 1000-1200,W 1210-1400,MW 1410-1500,W 1510-1700,R 0935-1050,TR 1100-1215,R 1445-1600,,,,,,,,,,,,,,,,,,,,,,,,,,,
AG 4004,,,,,,,,,,,,,,,,,,,,,,,,,,,,,,,,,,,,,,,
AG 4021,MW 1410-1700,TR 0935-1050,TR 1100-1215,TR 1320-1435,TR 1710-1825,TR 0935-1050,TR 1100-1215,TR 1320-1435,R 1445-1645,TR 1710-1825,,,,,,,,,,,,,,,,,,,,,,,,,,,,,
AG 4022,TR 1320-1435,TR 1445-1600,,,,,,,,,,,,,,,,,,,,,,,,,,,,,,,,,,,,,
AG 4040,MWF 0800-0850,TR 1320-1435,MWF 0800-0850,W 1310-1500,W 1510-1700,,,,,,,,,,,,,,,,,,,,,,,,,,,,,,,,,,
AG 4041,MWF 0900-0950,MTWF 1000-1050,MTWF 1100-1150,MWF 1200-1250,MW 1310-1400,MWF 1410-1500,MTWF 1000-1050,MTWF 1100-1150,TR 1320-1435,T 1445-1600,MWF 0900-0950,MTWF 1000-1050,MTWF 1100-1150,MWF 1200-1250,MW 1310-1400,MWF 1410-1500,W 1810-1900,,,,,,,,,,,,,,,,,,,,,,
AG 0041,,,,,,,,,,,,,,,,,,,,,,,,,,,,,,,,,,,,,,,
AG 5025,MWF 1100-1150,M 1310-1600,,,,,,,,,,,,,,,,,,,,,,,,,,,,,,,,,,,,,
AG 5027,W 1310-1700,R 1310-1700,,,,,,,,,,,,,,,,,,,,,,,,,,,,,,,,,,,,,
AG 5030,MWF 1000-1050,MWF 1200-1250,TR 0800-0950,TR 1000-1150,TR 1310-1500,TR 1510-1700,TR 1100-1215,TR 0800-0950,TR 1000-1150,TR 1310-1500,TR 1510-1700,TR 1100-1215,R 1610-1700,,,,,,,,,,,,,,,,,,,,,,,,,,
AN 0140,MWF 1000-1050,M 1100-1250,TR 0935-1050,T 1600-1750,MWF 1000-1050,W 1510-1740,MWF 1000-1050,F 1300-1450,,,,,,,,,,,,,,,,,,,,,,,,,,,,,,,
AN 0150,MWF 1000-1050,MWF 1100-1150,MWF 1410-1500,TR 0935-1050,TR 1100-1215,,,,,,,,,,,,,,,,,,,,,,,,,,,,,,,,,,
AN 0220,M 1310-1500,TR 0810-0925,TR 0935-1050,TR 1100-1215,W 1225-1455,W 1510-1740,,,,,,,,,,,,,,,,,,,,,,,,,,,,,,,,,
AN 0335,,,,,,,,,,,,,,,,,,,,,,,,,,,,,,,,,,,,,,,
AS 0118,,,,,,,,,,,,,,,,,,,,,,,,,,,,,,,,,,,,,,,
AS 0203,,,,,,,,,,,,,,,,,,,,,,,,,,,,,,,,,,,,,,,
AS 0209,MWF 0900-0950,MWF 1130-1220,TR 0935-1050,TR 1100-1215,,,,,,,,,,,,,,,,,,,,,,,,,,,,,,,,,,,
AS 0210,,,,,,,,,,,,,,,,,,,,,,,,,,,,,,,,,,,,,,,
AS 0226,MTWR 0830-0940,MTWR 1000-1150,MTWR 1230-1340,M 1510-1800,MTWR 0830-0940,MTWR 1000-1150,MTWR 1230-1340,W 1510-1800,F 0900-1150,,,,,,,,,,,,,,,,,,,,,,,,,,,,,,
AS 0228,TR 0935-1050,T 1410-1600,W 1410-1600,TR 0935-1050,R 1510-1700,,,,,,,,,,,,,,,,,,,,,,,,,,,,,,,,,,
AS 0314,MTWR 1310-1400,TR 0810-0925,MTWR 1310-1400,,,,,,,,,,,,,,,,,,,,,,,,,,,,,,,,,,,,
AS 0401,MWF 1310-1400,TR 0810-0925,TR 0935-1050,F 0900-0950,F 1000-1050,MWF 1310-1400,,,,,,,,,,,,,,,,,,,,,,,,,,,,,,,,,
AV 0212,,,,,,,,,,,,,,,,,,,,,,,,,,,,,,,,,,,,,,,
BC 0138,MWF 0900-0950,MWF 1000-1050,M 1100-1300,MW 1310-1400,TR 0935-1050,TR 1445-1600,TR 0935-1050,R 1215-1435,TR 1445-1600,MWF 0900-0950,MWF 1000-1050,F 1410-1600,,,,,,,,,,,,,,,,,,,,,,,,,,,
BC 0217,M 1410-1700,W 1410-1700,,,,,,,,,,,,,,,,,,,,,,,,,,,,,,,,,,,,,
BC 0227,,,,,,,,,,,,,,,,,,,,,,,,,,,,,,,,,,,,,,,
BC 0327,,,,,,,,,,,,,,,,,,,,,,,,,,,,,,,,,,,,,,,
BS 0221,M 1310-1700,T 1420-1710,W 1200-1700,,,,,,,,,,,,,,,,,,,,,,,,,,,,,,,,,,,,
BS 0302,MW 0935-1125,TR 0935-1125,TR 1320-1435,MW 0935-1125,W 1410-1700,,,,,,,,,,,,,,,,,,,,,,,,,,,,,,,,,,
BS 0309,MWF 1100-1150,M 1410-1800,TR 0935-1050,TR 1100-1215,TR 1320-1410,MWF 1100-1150,W 1410-1800,,,,,,,,,,,,,,,,,,,,,,,,,,,,,,,,
BS 0310,M 1100-1150,M 1310-1600,T 1410-1700,W 1410-1700,,,,,,,,,,,,,,,,,,,,,,,,,,,,,,,,,,,
BU 0010,MWF 0800-0850,MWF 1000-1050,MW 1100-1150,MW 1410-1500,TR 0810-0925,TR 0935-1050,TR 1100-1215,TR 1320-1435,TR 1445-1600,MWF 0800-0850,MWF 1000-1050,MW 1100-1150,MW 1410-1500,WF 1510-1600,TR 0810-0925,TR 0935-1050,TR 1100-1215,TR 1320-1435,TR 1445-1600,R 1610-1900,MWF 0800-0850,F 0900-0950,MWF 1000-1050,WF 1510-1600,,,,,,,,,,,,,,,
BU 0108,MTWR 0900-0950,MTWR 1000-1050,MW 1100-1250,MWF 1310-1400,MW 1510-1600,M 1810-2000,MTWR 0900-0950,MTWR 1000-1050,TR 1100-1215,TR 1320-1435,TR 1445-1535,T 1810-2000,MTWR 0900-0950,MTWR 1000-1050,MW 1100-1250,MWF 1310-1400,W 1410-1500,MW 1510-1600,F 0900-0950,MWF 1310-1400,,,,,,,,,,,,,,,,,,,
BU 0109,MW 1100-1215,MW 1320-1435,,,,,,,,,,,,,,,,,,,,,,,,,,,,,,,,,,,,,
BU 0110,MWF 0900-0950,M 1000-1050,MW 1100-1215,MWF 1310-1400,M 1410-1500,MW 1540-1655,TR 0810-0925,TR 0935-1050,TR 1100-1215,TR 1320-1435,TR 1900-2015,MWF 0900-0950,MW 1100-1215,MWF 1310-1400,MW 1540-1655,W 1900-2150,,,,,,,,,,,,,,,,,,,,,,,
BU 0111,MWF 0900-0950,MWF 1000-1050,MW 1100-1215,M 1310-1410,MW 1510-1600,T 0810-0925,TR 0935-1050,TR 1100-1215,TR 1320-1435,TR 1445-1535,TR 1610-1725,T 1810-2040,MWF 0900-0950,MWF 1000-1050,MW 1100-1215,W 1310-1410,MW 1510-1600,,,,,,,,,,,,,,,,,,,,,,
BU 0121,MWF 0800-0850,MWF 0900-0950,MWF 1000-1050,MW 1100-1215,MWF 1310-1400,MWF 1410-1500,MW 1510-1625,TR 0810-0925,TR 0935-1050,TR 1100-1215,TR 1320-1435,TR 1445-1600,MWF 0800-0850,MWF 0900-0950,MWF 1000-1050,MW 1100-1215,MWF 1310-1400,MWF 1410-1500,MW 1510-1625,W 1800-2050,TR 0810-0925,TR 0935-1050,TR 1100-1215,TR 1320-1435,TR 1445-1600,R 1610-1900,MWF 0800-0850,MWF 0900-0950,MWF 1000-1050,F 1100-1240,MWF 1310-1400,MWF 1410-1500,,,,,,,
BU 0123,,,,,,,,,,,,,,,,,,,,,,,,,,,,,,,,,,,,,,,
BU 0127,MWF 0900-0950,MWF 1000-1050,MWF 1100-1150,MW 1310-1500,MW 1510-1625,TR 0935-1050,TR 1100-1240,TR 1320-1435,TR 1445-1600,TR 1630-1745,,,,,,,,,,,,,,,,,,,,,,,,,,,,,
BU 0129,MWF 1000-1050,MW 1100-1215,MWF 1410-1500,MW 1510-1625,TR 0935-1050,TR 1100-1215,TR 1320-1435,TR 1445-1600,,,,,,,,,,,,,,,,,,,,,,,,,,,,,,,
BU 0208,MWF 0900-0950,MWF 1000-1050,MWF 1100-1150,MWF 1200-1250,M 1510-1600,M 1610-1700,M 1710-1900,TR 0810-0925,TR 0935-1050,TR 1100-1215,TR 1320-1435,TR 1445-1600,MWF 0900-0950,MWF 1000-1050,MWF 1100-1150,MWF 1200-1250,W 1510-1740,,,,,,,,,,,,,,,,,,,,,,
BU 0209,MWF 0900-0950,MWF 1000-1050,MW 1100-1215,MWF 1310-1400,MWF 1410-1500,MW 1510-1600,TR 0935-1050,TR 1100-1215,TR 1320-1435,TR 1445-1600,,,,,,,,,,,,,,,,,,,,,,,,,,,,,
BU 0021,MWF 1000-1050,MWF 1310-1400,MWF 1410-1500,TR 0935-1050,TR 1100-1215,TR 1320-1435,TR 1445-1600,MWF 1000-1050,MWF 1310-1400,MWF 1410-1500,WF 1510-1600,,,,,,,,,,,,,,,,,,,,,,,,,,,,
BU 0210,MWF 0900-0950,MWF 1000-1050,MWF 1200-1250,MW 1310-1500,MW 1510-1625,MW 1710-1825,TR 0935-1050,TR 1100-1215,TR 1320-1425,TR 1445-1600,T 1630-1920,,,,,,,,,,,,,,,,,,,,,,,,,,,,
BU 0211,MWF 0900-0950,MWF 1100-1150,TR 0935-1050,TR 1100-1215,TR 1320-1435,TR 1445-1600,MWF 0900-0950,MWF 1100-1150,W 1510-1800,,,,,,,,,,,,,,,,,,,,,,,,,,,,,,
BU 0221,,,,,,,,,,,,,,,,,,,,,,,,,,,,,,,,,,,,,,,
BU 0023,,,,,,,,,,,,,,,,,,,,,,,,,,,,,,,,,,,,,,,
BU 0024,MWF 0900-0950,MWF 1100-1150,MWF 1200-1250,TR 0935-1050,TR 1100-1215,TR 1320-1435,TR 1445-1600,TR 0935-1050,TR 1100-1215,TR 1320-1435,TR 1445-1600,R 1610-1900,,,,,,,,,,,,,,,,,,,,,,,,,,,
BU 0259,MTWR 0900-0950,MTWR 1000-1050,M 1230-1500,MTWR 0900-0950,MTWR 1000-1050,TR 1320-1435,MTWR 0900-0950,MTWR 1000-1050,MW 1310-1500,,,,,,,,,,,,,,,,,,,,,,,,,,,,,,
BU 0026,,,,,,,,,,,,,,,,,,,,,,,,,,,,,,,,,,,,,,,
BU 0008,MW 0800-0850,MW 0900-0950,M 1100-1150,TR 0935-1050,TR 1100-1215,TR 1225-1340,TR 1445-1600,MW 0800-0850,MW 0900-0950,WF 1100-1215,,,,,,,,,,,,,,,,,,,,,,,,,,,,,
BU 0009,MWF 0900-0950,MWF 1000-1050,MWF 1100-1150,MW 0900-0950,MWF 1200-1250,MW 1310-1400,MWF 1510-1600,TR 0935-1050,TR 1100-1215,TR 1320-1435,TR 0810-0925,,,,,,,,,,,,,,,,,,,,,,,,,,,,
CB 0103,MWF 0545-0700,MW 1600-1650,T 1310-1500,T 1510-1700,T 1710-1900,T 1910-2100,R 1310-1500,R 1510-1700,R 1710-1900,R 1910-2100,,,,,,,,,,,,,,,,,,,,,,,,,,,,,
CB 0104,M 1800-2050,W 1800-2050,,,,,,,,,,,,,,,,,,,,,,,,,,,,,,,,,,,,,
CB 0107,,,,,,,,,,,,,,,,,,,,,,,,,,,,,,,,,,,,,,,
CB 0137,MWR 0550-0700,MW 0900-0950,MWF 1100-1150,MW 1200-1250,MW 1310-1400,TR 0935-1050,TR 1100-1215,T 1220-1319,TR 1415-1600,,,,,,,,,,,,,,,,,,,,,,,,,,,,,,
CB 0138,MW 0900-0950,MW 1000-1050,MW 1100-1150,TR 0930-1020,TR 1100-1150,TR 1320-1435,MW 0900-0950,MW 1000-1050,MW 1100-1150,W 1530-1720,F 0800-0950,F 1300-1450,,,,,,,,,,,,,,,,,,,,,,,,,,,
CB 0202,MWF 0800-0850,MWF 0900-0950,MWF 1000-1050,MW 1100-1150,MW 1830-1950,TR 1220-1310,T 1320-1550,T 1700-1850,MWF 0800-0850,MWF 0900-0950,MWF 1000-1050,MW 1100-1150,W 1610-1800,MW 1830-1950,,,,,,,,,,,,,,,,,,,,,,,,,
CB 0206,M 1810-2100,T 0740-0930,T 1000-1150,T 1610-1900,R 0740-0930,R 1000-1150,R 1220-1410,R 1610-1900,,,,,,,,,,,,,,,,,,,,,,,,,,,,,,,
CI 0129,,,,,,,,,,,,,,,,,,,,,,,,,,,,,,,,,,,,,,,
CI 0013,,,,,,,,,,,,,,,,,,,,,,,,,,,,,,,,,,,,,,,
CI 0024,,,,,,,,,,,,,,,,,,,,,,,,,,,,,,,,,,,,,,,
CI 0003,MTWR 0845-1015,MTWR 1030-1215,MTWR 1300-1415,,,,,,,,,,,,,,,,,,,,,,,,,,,,,,,,,,,,
EA 0207,MWF 0800-0850,MWF 0900-0950,M 1000-1050,MW 1310-1500,M 1600-1850,TR 0935-1050,TR 1100-1215,TR 1320-1435,MWF 0800-0850,MWF 0900-0950,F 1100-1150,,,,,,,,,,,,,,,,,,,,,,,,,,,,
EA 0211,MWF 0900-1050,MWF 1100-1150,M 1300-1600,TR 0935-1050,TR 1100-1215,TR 1320-1435,TR 0935-1050,TR 1100-1215,TR 1320-1435,R 1445-1535,MWF 0900-1050,MWF 1100-1150,F 1320-1600,,,,,,,,,,,,,,,,,,,,,,,,,,
EA 0215,MWF 1200-1250,M 1310-1600,TR 0935-1050,TR 1100-1215,TR 1320-1435,W 0900-1150,MWF 1200-1250,W 1310-1600,,,,,,,,,,,,,,,,,,,,,,,,,,,,,,,
EA 0225,MWF 0900-0950,MWF 1100-1150,MWF 1200-1250,MWF 1310-1400,MWF 1410-1500,MW 1510-1600,TR 0935-1050,TR 1100-1215,TR 1320-1435,TR 1630-1745,,,,,,,,,,,,,,,,,,,,,,,,,,,,,
EA 0229,MW 1000-1150,MTWR 1300-1350,MWF 1410-1500,TR 0810-0925,TR 0935-1050,TR 1100-1150,MTWR 1300-1350,TR 1350-1505,F 1000-1050,MWF 1410-1500,,,,,,,,,,,,,,,,,,,,,,,,,,,,,
EA 0304,MWF 0900-0950,MWF 1000-1050,MWF 1100-1150,MWF 1310-1400,TR 1320-1435,TR 1445-1625,,,,,,,,,,,,,,,,,,,,,,,,,,,,,,,,,
EA 0308,MWF 1000-1050,MWF 1100-1150,TR 1100-1215,TR 1320-1450,MWF 1000-1050,MWF 1100-1150,W 1700-1950,,,,,,,,,,,,,,,,,,,,,,,,,,,,,,,,
EA 0314,MWF 1000-1050,MWF 1100-1150,MTWR 1200-1250,MWF 1300-1350,MWF 1410-1500,TR 0935-1050,MTWR 1200-1250,TR 1320-1435,,,,,,,,,,,,,,,,,,,,,,,,,,,,,,,
EA 0318,MW 0800-0950,MW 1000-1150,MW 1310-1500,TR 1445-1600,TR 1610-1800,MW 0800-0950,MW 1000-1150,MW 1310-1500,W 1630-1920,F 0900-0950,F 1000-1050,F 1100-1150,,,,,,,,,,,,,,,,,,,,,,,,,,,
ED 0006,MWF 1000-1050,MWF 1320-1435,TR 0800-0915,,,,,,,,,,,,,,,,,,,,,,,,,,,,,,,,,,,,
ED 0045,,,,,,,,,,,,,,,,,,,,,,,,,,,,,,,,,,,,,,,
ED 0047,M 0900-1150,R 0935-1215,F 0900-1150,,,,,,,,,,,,,,,,,,,,,,,,,,,,,,,,,,,,
EERB 0118,,,,,,,,,,,,,,,,,,,,,,,,,,,,,,,,,,,,,,,
EERB 0233,TR 1100-1215,,,,,,,,,,,,,,,,,,,,,,,,,,,,,,,,,,,,,,
EERB 0248,,,,,,,,,,,,,,,,,,,,,,,,,,,,,,,,,,,,,,,
EERB 0251,MWF 0800-0850,MWF 1000-1050,MWF 1100-1150,MWF 1200-1250,MWF 1310-1400,TR 0935-1050,TR 1320-1435,T 1610-1700,,,,,,,,,,,,,,,,,,,,,,,,,,,,,,,
EERB 0255,,,,,,,,,,,,,,,,,,,,,,,,,,,,,,,,,,,,,,,
EERB 0350,,,,,,,,,,,,,,,,,,,,,,,,,,,,,,,,,,,,,,,
EIC 0201,MWF 0800-0850,MW 1325-1440,MWF 1510-1600,M 1630-1900,TR 0900-1020,TR 1100-1215,TR 1320-1435,TR 1445-1600,,,,,,,,,,,,,,,,,,,,,,,,,,,,,,,
EIC 0209,,,,,,,,,,,,,,,,,,,,,,,,,,,,,,,,,,,,,,,
EN 1034,,,,,,,,,,,,,,,,,,,,,,,,,,,,,,,,,,,,,,,
EN 1039,,,,,,,,,,,,,,,,,,,,,,,,,,,,,,,,,,,,,,,
EN 1041,,,,,,,,,,,,,,,,,,,,,,,,,,,,,,,,,,,,,,,
EN 1044,MWF 1000-1050,MW 1100-1215,M 1310-1400,MWF 1410-1500,M 1510-1600,TR 0935-1050,TR 1100-1215,TR 1320-1435,TR 1445-1600,,,,,,,,,,,,,,,,,,,,,,,,,,,,,,
EN 1045,MWF 0800-0850,MWF 0900-0950,MWF 1000-1050,MWF 1100-1150,MWF 1200-1250,TR 0800-0915,TR 0935-1050,TR 1100-1215,TR 1320-1435,T 1445-1745,T 1810-2000,MWF 0800-0850,MWF 0900-0950,MWF 1000-1050,MWF 1100-1150,MWF 1200-1250,W 1445-1745,,,,,,,,,,,,,,,,,,,,,,
EN 1055,,,,,,,,,,,,,,,,,,,,,,,,,,,,,,,,,,,,,,,
EN 1062,,,,,,,,,,,,,,,,,,,,,,,,,,,,,,,,,,,,,,,
EN 2100,MWF 0800-0850,MWF 0900-0950,MWF 1000-1050,MWF 1100-1150,MWF 1310-1400,TR 0810-0925,TR 0935-1050,T 1100-1150,TR 1320-1435,T 1510-1600,T 1610-1700,MWF 0800-0850,MWF 0900-0950,MWF 1000-1050,MWF 1100-1150,W 1200-1250,MWF 1310-1400,W 1410-1500,W 1510-1600,TR 0810-0925,TR 0935-1050,R 1100-1150,TR 1320-1435,,,,,,,,,,,,,,,,
EN 2101,MWF 1000-1050,T 0935-1015,TR 1100-1215,TR 1320-1435,TR 1445-1600,R 0935-1015,TR 1100-1215,TR 1320-1435,TR 1445-1600,MWF 1000-1050,F 1100-1150,F 1310-1400,,,,,,,,,,,,,,,,,,,,,,,,,,,
EN 2102,,,,,,,,,,,,,,,,,,,,,,,,,,,,,,,,,,,,,,,
EN 2104,MF 1410-1525,TR 0810-0925,,,,,,,,,,,,,,,,,,,,,,,,,,,,,,,,,,,,,
EN 2105,MWF 0900-0950,T 0810-1200,T 1445-1535,,,,,,,,,,,,,,,,,,,,,,,,,,,,,,,,,,,,
EN 2106,MW 1310-1425,TR 1320-1435,TR 1445-1600,T 1610-1700,W 1000-1050,W 1100-1150,MW 1310-1425,F 1100-1300,,,,,,,,,,,,,,,,,,,,,,,,,,,,,,,
EN 2108,MWF 0900-0950,MWF 1000-1050,TR 0810-0925,TR 0935-1050,TR 1100-1215,TR 1320-1550,,,,,,,,,,,,,,,,,,,,,,,,,,,,,,,,,
EN 2109,MW 0935-1125,M 1310-1700,TR 0935-1125,T 1320-1410,T 1445-1535,T 1710-1900,MW 0935-1125,W 1410-1500,W 1510-1600,W 1610-1700,W 1710-1900,TR 0935-1125,R 1310-1500,R 1510-1700,F 1100-1150,F 1310-1500,,,,,,,,,,,,,,,,,,,,,,,
EN 2110,MTWR 0800-0850,MWF 0900-0950,MWF 1000-1050,MWF 1100-1150,MTWR 0800-0850,TR 0935-1050,TR 1100-1215,T 1320-1550,,,,,,,,,,,,,,,,,,,,,,,,,,,,,,,
EN 3044,TR 0935-1050,,,,,,,,,,,,,,,,,,,,,,,,,,,,,,,,,,,,,,
EN 3046,W 1410-1530,R 1540-1700,,,,,,,,,,,,,,,,,,,,,,,,,,,,,,,,,,,,,
EN 3056,MWF 1100-1150,MWF 1200-1250,TR 1100-1215,TR 1320-1435,TR 1445-1550,,,,,,,,,,,,,,,,,,,,,,,,,,,,,,,,,,
EN 3070,MWF 0800-0850,MWF 0900-0950,MWF 1000-1050,MWF 1100-1150,MWF 1200-1250,M 1300-1350,TR 0810-0925,TR 0935-1050,TR 1100-1215,TR 1320-1435,TR 1445-1600,,,,,,,,,,,,,,,,,,,,,,,,,,,,
EN 3102,MWF 0800-0850,MWF 0900-0950,MWF 1000-1050,MWF 1100-1150,MWF 1200-1250,MWF 1310-1400,T 1000-1050,TR 1100-1215,TR 1320-1435,,,,,,,,,,,,,,,,,,,,,,,,,,,,,,
EN 3104,MWF 0900-0950,MWF 1000-1050,MWF 1200-1250,MWF 1310-1400,MWF 1410-1500,TR 1100-1215,TR 1510-1600,,,,,,,,,,,,,,,,,,,,,,,,,,,,,,,,
EN 3105,MWF 1000-1050,MTWR 1100-1150,MTWR 1200-1250,MWF 1310-1400,TR 0935-1050,MTWR 1100-1150,MTWR 1200-1250,TR 1310-1400,T 1510-1600,T 1610-1700,T 1710-1800,MWF 1000-1050,MTWR 1100-1150,MTWR 1200-1250,MWF 1310-1400,W 1510-1650,F 0800-0850,MWF 1000-1050,MWF 1310-1400,F 1410-1500,,,,,,,,,,,,,,,,,,,
EN 3106,MWF 0900-0950,MTWR 1000-1050,M 1310-1400,MTWR 1000-1050,TR 1100-1215,TR 1320-1435,MTWR 1000-1050,TR 1100-1215,TR 1320-1435,R 1610-1900,MWF 0900-0950,F 1000-1050,,,,,,,,,,,,,,,,,,,,,,,,,,,
EN 3108,,,,,,,,,,,,,,,,,,,,,,,,,,,,,,,,,,,,,,,
EN 3109,M 0900-1150,,,,,,,,,,,,,,,,,,,,,,,,,,,,,,,,,,,,,,
EN 3110,MTWF 0800-0850,MTWF 0900-0950,MTWF 1000-1050,MW 1100-1150,MWF 1310-1400,MTWF 0800-0850,MTWF 0900-0950,MTWF 1000-1050,TR 1100-1215,TR 1320-1435,,,,,,,,,,,,,,,,,,,,,,,,,,,,,
EN 3111,MWF 0900-0950,MWF 1000-1050,MWF 1100-1150,MWF 1310-1400,MWF 1410-1500,TR 0810-0925,TR 0935-1050,TR 1100-1215,TR 1320-1435,,,,,,,,,,,,,,,,,,,,,,,,,,,,,,
EN 3112,MWF 0800-0850,MTWF 0900-0950,MWF 1000-1050,MWF 1100-1150,MTWF 0900-0950,TR 1100-1215,TR 1320-1435,,,,,,,,,,,,,,,,,,,,,,,,,,,,,,,,
EN 3114,MWF 0900-0950,MWF 1000-1050,MWF 1100-1150,MWF 1310-1400,M 1510-1700,TR 0935-1050,TR 1100-1215,TR 1320-1435,,,,,,,,,,,,,,,,,,,,,,,,,,,,,,,
EN 4023,,,,,,,,,,,,,,,,,,,,,,,,,,,,,,,,,,,,,,,
EN 4045,TR 0935-1050,TR 1100-1215,TR 1320-1435,TR 0935-1050,TR 1100-1215,TR 1320-1435,R 1445-1725,,,,,,,,,,,,,,,,,,,,,,,,,,,,,,,,
EN 4066,,,,,,,,,,,,,,,,,,,,,,,,,,,,,,,,,,,,,,,
EN 5038,,,,,,,,,,,,,,,,,,,,,,,,,,,,,,,,,,,,,,,
EN 6060,MW 0900-1015,MW 1045-1200,,,,,,,,,,,,,,,,,,,,,,,,,,,,,,,,,,,,,
EN 6085,MW 0900-1015,MW 1320-1435,M 1510-1600,T 1500-1600,,,,,,,,,,,,,,,,,,,,,,,,,,,,,,,,,,,
ES 1004,T 0935-1050,R 0900-1050,R 1110-1300,R 1310-1500,R 1510-1700,,,,,,,,,,,,,,,,,,,,,,,,,,,,,,,,,,
ES 1006,MWF 1200-1250,TR 1445-1600,,,,,,,,,,,,,,,,,,,,,,,,,,,,,,,,,,,,,
ES 1038,TR 1220-1310,TR 1810-2000,,,,,,,,,,,,,,,,,,,,,,,,,,,,,,,,,,,,,
GE 0202,W 1310-1500,R 1310-1500,,,,,,,,,,,,,,,,,,,,,,,,,,,,,,,,,,,,,
GE 0211,W 1000-1150,W 1310-1500,W 1510-1700,R 0800-0950,R 1000-1150,R 1310-1500,R 1510-1700,R 1900-2050,,,,,,,,,,,,,,,,,,,,,,,,,,,,,,,
GE 0213,T 0800-0900,TR 1700-1800,W 1400-1500,F 1300-1350,,,,,,,,,,,,,,,,,,,,,,,,,,,,,,,,,,,
GE 0216,MWF 1100-1150,M 1210-1300,M 1310-1500,M 1510-1600,TR 0935-1050,TR 1100-1215,TR 1320-1435,,,,,,,,,,,,,,,,,,,,,,,,,,,,,,,,
GE 0318,MWF 1000-1050,M 1310-1500,TR 0935-1050,TR 1100-1215,T 1310-1500,MWF 1000-1050,W 1510-1700,MWF 1000-1050,F 1100-1150,,,,,,,,,,,,,,,,,,,,,,,,,,,,,,
GH 0106,MWF 1000-1050,MWF 1100-1150,MWF 1410-1500,MWF 1510-1600,M 1800-2100,TR 0810-0925,TR 0935-1050,TR 1320-1435,TR 1445-1600,W 0900-0950,MWF 1000-1050,MWF 1100-1150,MWF 1410-1500,MWF 1510-1600,,,,,,,,,,,,,,,,,,,,,,,,,
GH 0210,,,,,,,,,,,,,,,,,,,,,,,,,,,,,,,,,,,,,,,
HA 0115,R 1445-1625,,,,,,,,,,,,,,,,,,,,,,,,,,,,,,,,,,,,,,
HA 0117,,,,,,,,,,,,,,,,,,,,,,,,,,,,,,,,,,,,,,,
HA 0225,,,,,,,,,,,,,,,,,,,,,,,,,,,,,,,,,,,,,,,
HA 0227,,,,,,,,,,,,,,,,,,,,,,,,,,,,,,,,,,,,,,,
HA 0325,,,,,,,,,,,,,,,,,,,,,,,,,,,,,,,,,,,,,,,
HA 0327,,,,,,,,,,,,,,,,,,,,,,,,,,,,,,,,,,,,,,,
HI 0155,MWF 0900-0950,TR 0935-1050,TR 1100-1215,TR 1320-1435,TR 1445-1600,MWF 0900-0950,W 1410-1640,F 0800-0850,MWF 0900-0950,F 1000-1050,F 1100-1150,F 1310-1400,F 1410-1500,,,,,,,,,,,,,,,,,,,,,,,,,,
HI 0156,M 1510-1740,TR 0810-0925,TR 1100-1215,TR 1445-1600,W 1510-1740,,,,,,,,,,,,,,,,,,,,,,,,,,,,,,,,,,
HO 0005,MWF 0900-0950,MTWR 1000-1050,MTWR 1000-1050,TR 1100-1215,TR 1445-1600,MWF 0900-0950,MTWR 1000-1050,W 1510-1800,,,,,,,,,,,,,,,,,,,,,,,,,,,,,,,
HO 0008,,,,,,,,,,,,,,,,,,,,,,,,,,,,,,,,,,,,,,,
HO 0011,MWF 0900-0950,MWF 1000-1050,MWF 1100-1150,MWF 1200-1250,MWF 1310-1400,TR 0935-1050,TR 1100-1250,TR 1445-1600,,,,,,,,,,,,,,,,,,,,,,,,,,,,,,,
HO 0012,MW 1000-1115,MW 1000-1115,W 1510-1740,,,,,,,,,,,,,,,,,,,,,,,,,,,,,,,,,,,,
HO 0021,,,,,,,,,,,,,,,,,,,,,,,,,,,,,,,,,,,,,,,
HO 0037,MWF 1000-1050,MTWR 1510-1600,MTWR 1610-1700,TR 0935-1050,MTWR 1510-1600,MTWR 1610-1700,TR 0935-1050,R 1310-1500,MTWR 1510-1600,MTWR 1610-1700,,,,,,,,,,,,,,,,,,,,,,,,,,,,,
HO 0040,,,,,,,,,,,,,,,,,,,,,,,,,,,,,,,,,,,,,,,
HO 0125,MWF 0900-0950,MTWR 1100-1150,TR 0935-1050,MTWR 1100-1150,T 1810-2100,MWF 0900-0950,MTWR 1100-1150,W 1510-1800,TR 0935-1050,MTWR 1100-1150,R 1510-1800,,,,,,,,,,,,,,,,,,,,,,,,,,,,
HO 0142,MWF 1000-1050,MWF 1100-1150,TR 1320-1435,MWF 1000-1050,MWF 1100-1150,W 1310-1400,W 1410-1700,,,,,,,,,,,,,,,,,,,,,,,,,,,,,,,,
HS 0105,MTR 0900-0950,M 1000-1150,MW 1200-1250,MTR 0900-0950,TR 1000-1050,TR 1100-1215,WF 1000-1150,MW 1200-1250,WF 1000-1150,F 1310-1500,,,,,,,,,,,,,,,,,,,,,,,,,,,,,
HS 0205,,,,,,,,,,,,,,,,,,,,,,,,,,,,,,,,,,,,,,,
HS 0232,,,,,,,,,,,,,,,,,,,,,,,,,,,,,,,,,,,,,,,
HS 0248,MW 1310-1435,TR 0810-0925,TR 1310-1435,,,,,,,,,,,,,,,,,,,,,,,,,,,,,,,,,,,,
HS 0364,M 0900-1150,TR 0700-1900,W 0900-1150,,,,,,,,,,,,,,,,,,,,,,,,,,,,,,,,,,,,
HS 0427,MWF 0800-0850,MTWR 0900-0950,MWF 1000-1050,MTWR 1100-1150,M 1310-1500,MTWR 0900-0950,TR 1000-1050,MTWR 1100-1150,TR 1445-1600,MTWR 0900-0950,TR 1000-1050,MTWR 1100-1150,R 1320-1435,TR 1445-1600,,,,,,,,,,,,,,,,,,,,,,,,,
HS 0459,,,,,,,,,,,,,,,,,,,,,,,,,,,,,,,,,,,,,,,
HS 0463,MWF 1000-1050,MWF 1100-1150,M 1310-1500,TR 0935-1050,TR 1100-1215,TR 1320-1435,,,,,,,,,,,,,,,,,,,,,,,,,,,,,,,,,
ITC 0106,,,,,,,,,,,,,,,,,,,,,,,,,,,,,,,,,,,,,,,
KH 0238,,,,,,,,,,,,,,,,,,,,,,,,,,,,,,,,,,,,,,,
LS 0170,MW 0800-0920,MW 0930-1050,TR 0930-1050,TR 1100-1220,TR 1315-1435,TR 1445-1605,,,,,,,,,,,,,,,,,,,,,,,,,,,,,,,,,
LS 0178,M 0825-0920,MW 1000-1150,MW 1315-1435,MW 1445-1540,T 0825-0920,TR 0930-1050,TR 1100-1220,TR 1315-1435,TR 1515-1635,W 0825-0920,MW 1000-1150,MW 1315-1435,MW 1445-1540,R 0825-0920,TR 0930-1050,TR 1100-1220,TR 1315-1435,TR 1515-1635,,,,,,,,,,,,,,,,,,,,,
LS 0180,MW 0930-1050,MW 1300-1420,F 1000-1145,,,,,,,,,,,,,,,,,,,,,,,,,,,,,,,,,,,,
LS 0182,MW 1100-1220,MW 1315-1435,MW 1445-1605,TR 0930-1050,TR 1100-1220,TR 1315-1435,TR 0930-1050,TR 1100-1220,TR 1315-1435,R 1445-1730,,,,,,,,,,,,,,,,,,,,,,,,,,,,,
LS 0186,MW 1100-1220,TR 0800-0920,TR 0930-1050,TR 1445-1605,MW 1100-1220,W 1510-1750,,,,,,,,,,,,,,,,,,,,,,,,,,,,,,,,,
LS 0191,MW 0930-1050,MW 1100-1220,MW 1315-1435,MW 1445-1605,TR 1315-1435,T 1500-1650,,,,,,,,,,,,,,,,,,,,,,,,,,,,,,,,,
NAC 0114,,,,,,,,,,,,,,,,,,,,,,,,,,,,,,,,,,,,,,,
PA 1016,MTWRF 0800-0850,MTWRF 0900-0950,MTWRF 1200-1250,MWF 1310-1400,MW 1610-1800,MTWRF 0800-0850,MTWRF 0900-0950,TRF 1000-1050,MTWRF 1200-1250,T 1900-2130,MTWRF 0800-0850,MTWRF 0900-0950,TRF 1000-1050,MTWRF 1200-1250,R 1310-1400,R 1610-1800,,,,,,,,,,,,,,,,,,,,,,,
PA 1050,MW 1410-1500,MWF 1510-1600,,,,,,,,,,,,,,,,,,,,,,,,,,,,,,,,,,,,,
PA 1070,MW 1000-1150,MW 1710-1800,TR 1000-1150,T 1310-1400,,,,,,,,,,,,,,,,,,,,,,,,,,,,,,,,,,,
PA 1077,MW 0935-1050,MW 1445-1600,TR 1320-1435,TR 1445-1600,,,,,,,,,,,,,,,,,,,,,,,,,,,,,,,,,,,
PA 1131,MW 1445-1635,TR 1100-1215,TR 1445-1635,,,,,,,,,,,,,,,,,,,,,,,,,,,,,,,,,,,,
PA 1133,MW 1100-1230,TR 1100-1230,TR 1445-1615,,,,,,,,,,,,,,,,,,,,,,,,,,,,,,,,,,,,
PA 1140,,,,,,,,,,,,,,,,,,,,,,,,,,,,,,,,,,,,,,,
PA 1142,,,,,,,,,,,,,,,,,,,,,,,,,,,,,,,,,,,,,,,
PA 1152,MWF 1000-1050,MW 1610-1800,M 1830-2030,TR 1510-1645,,,,,,,,,,,,,,,,,,,,,,,,,,,,,,,,,,,
PA 2003,MW 0800-0850,MWF 0900-0950,MTRF 1200-1250,MWF 1410-1500,MWF 1510-1600,TR 0900-0950,TR 1000-1050,MTRF 1200-1250,TR 1410-1500,,,,,,,,,,,,,,,,,,,,,,,,,,,,,,
PA 2037,,,,,,,,,,,,,,,,,,,,,,,,,,,,,,,,,,,,,,,
PA 2054,,,,,,,,,,,,,,,,,,,,,,,,,,,,,,,,,,,,,,,
PA 2102,MW 1320-1435,TR 1320-1435,,,,,,,,,,,,,,,,,,,,,,,,,,,,,,,,,,,,,
PA 2140,MW 0935-1050,MW 1320-1435,TR 0935-1050,TR 1100-1215,,,,,,,,,,,,,,,,,,,,,,,,,,,,,,,,,,,
PA 3058,MWF 1410-1500,,,,,,,,,,,,,,,,,,,,,,,,,,,,,,,,,,,,,,
PS 0138,MWF 0900-0950,M 1000-1100,TR 0935-1050,T 1410-1530,TR 0935-1050,R 1410-1700,MWF 0900-0950,F 1540-1700,,,,,,,,,,,,,,,,,,,,,,,,,,,,,,,
PS 0231,MW 1100-1250,,,,,,,,,,,,,,,,,,,,,,,,,,,,,,,,,,,,,,
PS 0234,MWF 0800-0850,MWF 1000-1050,M 1310-1400,MTWR 1700-1900,TR 0935-1050,TR 1100-1215,TR 1320-1435,TR 1445-1600,MTWR 1700-1900,MWF 0800-0850,MWF 1000-1050,F 1200-1300,F 1400-1520,F 1540-1700,,,,,,,,,,,,,,,,,,,,,,,,,
PS 0239,MWF 0800-0850,MWF 1000-1050,MW 1100-1150,MWF 1200-1250,MTWF 1310-1400,M 1400-2000,TR 0935-1050,T 1200-1250,MTWF 1310-1400,,,,,,,,,,,,,,,,,,,,,,,,,,,,,,
RH 0109,TR 1100-1215,TR 1510-1600,,,,,,,,,,,,,,,,,,,,,,,,,,,,,,,,,,,,,
RH 0024,,,,,,,,,,,,,,,,,,,,,,,,,,,,,,,,,,,,,,,
RH 0247,MWF 1100-1150,MWF 1310-1400,M 1530-1820,TR 0810-0925,TR 0935-1050,TR 1320-1435,,,,,,,,,,,,,,,,,,,,,,,,,,,,,,,,,
RH 0342,,,,,,,,,,,,,,,,,,,,,,,,,,,,,,,,,,,,,,,
RH 0408,,,,,,,,,,,,,,,,,,,,,,,,,,,,,,,,,,,,,,,
SI 2010,MWF 0800-0850,MWF 0900-0950,MWF 1000-1050,MWF 1100-1150,MWF 1200-1250,MWF 1310-1400,MWF 1410-1500,M 1710-1800,TR 0810-0925,TR 1100-1215,TR 1320-1435,TR 1445-1600,,,,,,,,,,,,,,,,,,,,,,,,,,,
STEM 0105,MWF 0900-0950,MWF 1100-1150,MW 1310-1400,MW 1410-1500,MW 1510-1600,MW 1610-1700,TR 0935-1050,TR 1100-1215,TR 1320-1435,T 1445-1625,TR 0935-1050,TR 1100-1215,TR 1320-1435,R 1445-1625,,,,,,,,,,,,,,,,,,,,,,,,,
STEM 0117,,,,,,,,,,,,,,,,,,,,,,,,,,,,,,,,,,,,,,,
STEM 0120,M 1310-1600,TR 0800-0920,TR 0935-1050,TR 1100-1215,W 1100-1150,W 1200-1250,W 1310-1400,W 1410-1500,W 1510-1600,W 1610-1700,TR 0800-0920,TR 0935-1050,TR 1100-1215,R 1310-1400,R 1410-1500,R 1510-1600,R 1610-1700,,,,,,,,,,,,,,,,,,,,,,
STEM 0145,TR 1320-1610,W 1510-1700,,,,,,,,,,,,,,,,,,,,,,,,,,,,,,,,,,,,,
STEM 0155,M 1310-1500,W 1200-1400,W 1410-1500,W 1510-1600,R 0900-0950,R 1000-1050,R 1100-1150,R 1200-1250,R 1310-1400,R 1410-1500,R 1510-1600,R 1610-1700,F 1000-1050,F 1100-1150,F 1200-1250,F 1310-1400,,,,,,,,,,,,,,,,,,,,,,,
STEM 0160,TR 1410-1600,,,,,,,,,,,,,,,,,,,,,,,,,,,,,,,,,,,,,,
STEM 0175,T 1100-1250,T 1310-1500,T 1510-1700,T 1910-2100,W 1100-1250,W 1310-1500,W 1510-1700,,,,,,,,,,,,,,,,,,,,,,,,,,,,,,,,
STEM 0180,M 1510-1700,M 1710-1900,TR 1310-1400,TR 1410-1500,TR 1510-1600,TR 1610-1700,,,,,,,,,,,,,,,,,,,,,,,,,,,,,,,,,
STEM 0185,T 1310-1500,T 1510-1700,W 1310-1500,W 1510-1700,,,,,,,,,,,,,,,,,,,,,,,,,,,,,,,,,,,
STEM 0195,MWF 0900-1040,MWF 1310-1500,TR 1000-1050,TR 1320-1435,,,,,,,,,,,,,,,,,,,,,,,,,,,,,,,,,,,
STEM 0205,MW 1310-1400,MW 1410-1500,MW 1510-1600,MW 1610-1700,TR 0810-0925,TR 0935-1050,TR 1100-1215,TR 1310-1400,TR 1410-1500,TR 1510-1600,TR 1610-1700,,,,,,,,,,,,,,,,,,,,,,,,,,,,
STEM 0215,MWF 1100-1150,MWF 1200-1250,M 1310-1400,M 1510-1600,TR 0935-1050,TR 1100-1215,T 1300-1700,MWF 1100-1150,MWF 1200-1250,W 1310-1400,W 1510-1700,,,,,,,,,,,,,,,,,,,,,,,,,,,,
STEM 0220,MWF 0900-0950,MW 1000-1050,MWF 1200-1250,MW 1310-1400,MW 1410-1500,MW 1510-1645,TR 0935-1050,TR 1100-1215,T 1300-1700,,,,,,,,,,,,,,,,,,,,,,,,,,,,,,
STEM 0225,MWF 1310-1400,MWF 1510-1600,TR 0810-0925,TR 0935-1050,TR 1100-1215,TR 1320-1435,TR 1445-1600,MWF 1310-1400,MWF 1510-1600,W 1630-1900,,,,,,,,,,,,,,,,,,,,,,,,,,,,,
STEM 0235,,,,,,,,,,,,,,,,,,,,,,,,,,,,,,,,,,,,,,,
STEM 0245,T 1310-1600,W 1230-1730,R 1230-1730,,,,,,,,,,,,,,,,,,,,,,,,,,,,,,,,,,,,
STEM 0255,T 0810-0925,T 0935-1050,T 1100-1215,T 1320-1435,R 0810-0925,R 0935-1050,R 1100-1215,R 1320-1435,,,,,,,,,,,,,,,,,,,,,,,,,,,,,,,
STEM 0265,T 1310-1500,T 1510-1700,T 1910-2100,W 1510-1700,W 1910-2100,R 1310-1500,,,,,,,,,,,,,,,,,,,,,,,,,,,,,,,,,
STEM 0275,T 1310-1500,T 1510-1700,T 1910-2100,W 1510-1700,W 1910-2100,R 1310-1500,,,,,,,,,,,,,,,,,,,,,,,,,,,,,,,,,
STEM 0280,MWF 1000-1050,MWF 1200-1250,MWF 1310-1400,TR 0935-1150,TR 1320-1435,,,,,,,,,,,,,,,,,,,,,,,,,,,,,,,,,,
STEM 0285,T 1310-1500,T 1510-1700,W 1510-1700,R 1310-1500,,,,,,,,,,,,,,,,,,,,,,,,,,,,,,,,,,,
STEM 0295,M 1410-1650,M 1910-2150,T 1410-1650,,,,,,,,,,,,,,,,,,,,,,,,,,,,,,,,,,,,
STEM 0315,MWF 1200-1250,MWF 1410-1500,M 1510-1700,TR 0935-1050,TR 1245-1400,T 1510-1700,MWF 1200-1250,MWF 1410-1500,W 1510-1600,W 1710-1900,TR 0935-1050,TR 1245-1400,R 1510-1700,R 1810-2000,,,,,,,,,,,,,,,,,,,,,,,,,
STEM 0320,TR 0935-1050,TR 1320-1435,T 1610-1900,W 1510-1700,,,,,,,,,,,,,,,,,,,,,,,,,,,,,,,,,,,
STEM 0325,,,,,,,,,,,,,,,,,,,,,,,,,,,,,,,,,,,,,,,
STEM 0335,M 1410-1700,M 1810-2050,T 0800-1050,T 1410-1700,W 1410-1700,R 1410-1700,,,,,,,,,,,,,,,,,,,,,,,,,,,,,,,,,
STEM 0345,M 1410-1700,M 1800-2050,T 0800-1050,T 1410-1700,W 1410-1700,R 1410-1700,,,,,,,,,,,,,,,,,,,,,,,,,,,,,,,,,
STEM 0360,M 1100-1250,M 1310-1500,M 1510-1700,T 1310-1500,W 1310-1500,W 1510-1700,,,,,,,,,,,,,,,,,,,,,,,,,,,,,,,,,
STEM 0375,M 1100-1250,M 1310-1500,M 1510-1700,T 1310-1500,W 1310-1500,W 1510-1700,,,,,,,,,,,,,,,,,,,,,,,,,,,,,,,,,
STEM 0380,M 1100-1250,M 1310-1500,M 1510-1700,M 1710-1900,T 0900-1050,T 1310-1500,W 1310-1500,,,,,,,,,,,,,,,,,,,,,,,,,,,,,,,,
STEM 0385,M 1310-1500,M 1510-1700,T 1310-1450,,,,,,,,,,,,,,,,,,,,,,,,,,,,,,,,,,,,
STEM 0395,M 1100-1250,M 1310-1500,M 1510-1700,T 1310-1500,W 1310-1500,,,,,,,,,,,,,,,,,,,,,,,,,,,,,,,,,,
VA 0109,T 1610-1830,,,,,,,,,,,,,,,,,,,,,,,,,,,,,,,,,,,,,,
VA 0111,M 1830-2100,,,,,,,,,,,,,,,,,,,,,,,,,,,,,,,,,,,,,,
VA 0119,MW 1030-1250,MW 1310-1530,,,,,,,,,,,,,,,,,,,,,,,,,,,,,,,,,,,,,
VA 0229,MW 1030-1250,TR 1100-1320,TR 1330-1550,F 1000-1150,F 1230-1430,,,,,,,,,,,,,,,,,,,,,,,,,,,,,,,,,,
