,,,,,,,,,,,
AB 0103,MWF 0900-0950,MWF 1000-1050,MWF 1310-1400,,,,,,,,
AB 0104,MWF 0800-0850,MWF 1310-1400,,,,,,,,,
AB 0106,F 1310-1700,,,,,,,,,,
AB 0202,,,,,,,,,,,
AB 0204,,,,,,,,,,,
AC 0100,,,,,,,,,,,
AC 0219,,,,,,,,,,,
AC 0221,,,,,,,,,,,
AC 0404,,,,,,,,,,,
AG 1030,,,,,,,,,,,
AG 1032,MWF 1000-1050,MWF 1100-1150,MWF 1200-1250,MWF 1310-1400,MWF 1410-1500,MWF 1610-1700,,,,,
AG 0137,,,,,,,,,,,
AG 0142,,,,,,,,,,,
AG 2018,MWF 1200-1250,,,,,,,,,,
AG 2024,,,,,,,,,,,
AG 0022,,,,,,,,,,,
AG 0223,MWF 1000-1050,F 1200-1250,F 1310-1400,F 1410-1500,,,,,,,
AG 0229,MWF 0800-0850,,,,,,,,,,
AG 0237,MWF 0800-0850,,,,,,,,,,
AG 0240,,,,,,,,,,,
AG 3026,,,,,,,,,,,
AG 3027,,,,,,,,,,,
AG 3028,MWF 0900-0950,MWF 1100-1150,,,,,,,,,
AG 3030,,,,,,,,,,,
AG 0328,,,,,,,,,,,
AG 4004,,,,,,,,,,,
AG 4021,,,,,,,,,,,
AG 4022,,,,,,,,,,,
AG 4040,MWF 0800-0850,,,,,,,,,,
AG 4041,MWF 0900-0950,MTWF 1000-1050,MTWF 1100-1150,MWF 1200-1250,MWF 1410-1500,,,,,,
AG 0041,,,,,,,,,,,
AG 5025,MWF 1100-1150,,,,,,,,,,
AG 5027,,,,,,,,,,,
AG 5030,MWF 1000-1050,MWF 1200-1250,,,,,,,,,
AN 0140,MWF 1000-1050,F 1300-1450,,,,,,,,,
AN 0150,MWF 1000-1050,MWF 1100-1150,MWF 1410-1500,,,,,,,,
AN 0220,,,,,,,,,,,
AN 0335,,,,,,,,,,,
AS 0118,,,,,,,,,,,
AS 0203,,,,,,,,,,,
AS 0209,MWF 0900-0950,MWF 1130-1220,,,,,,,,,
AS 0210,,,,,,,,,,,
AS 0226,F 0900-1150,,,,,,,,,,
AS 0228,,,,,,,,,,,
AS 0314,,,,,,,,,,,
AS 0401,F 0900-0950,F 1000-1050,MWF 1310-1400,,,,,,,,
AV 0212,,,,,,,,,,,
BC 0138,MWF 0900-0950,MWF 1000-1050,F 1410-1600,,,,,,,,
BC 0217,,,,,,,,,,,
BC 0227,,,,,,,,,,,
BC 0327,,,,,,,,,,,
BS 0221,,,,,,,,,,,
BS 0302,,,,,,,,,,,
BS 0309,MWF 1100-1150,,,,,,,,,,
BS 0310,,,,,,,,,,,
BU 0010,MWF 0800-0850,F 0900-0950,MWF 1000-1050,WF 1510-1600,,,,,,,
BU 0108,F 0900-0950,MWF 1310-1400,,,,,,,,,
BU 0109,,,,,,,,,,,
BU 0110,MWF 0900-0950,MWF 1310-1400,,,,,,,,,
BU 0111,MWF 0900-0950,MWF 1000-1050,,,,,,,,,
BU 0121,MWF 0800-0850,MWF 0900-0950,MWF 1000-1050,F 1100-1240,MWF 1310-1400,MWF 1410-1500,,,,,
BU 0123,,,,,,,,,,,
BU 0127,MWF 0900-0950,MWF 1000-1050,MWF 1100-1150,,,,,,,,
BU 0129,MWF 1000-1050,MWF 1410-1500,,,,,,,,,
BU 0208,MWF 0900-0950,MWF 1000-1050,MWF 1100-1150,MWF 1200-1250,,,,,,,
BU 0209,MWF 0900-0950,MWF 1000-1050,MWF 1310-1400,MWF 1410-1500,,,,,,,
BU 0021,MWF 1000-1050,MWF 1310-1400,MWF 1410-1500,WF 1510-1600,,,,,,,
BU 0210,MWF 0900-0950,MWF 1000-1050,MWF 1200-1250,,,,,,,,
BU 0211,MWF 0900-0950,MWF 1100-1150,,,,,,,,,
BU 0221,,,,,,,,,,,
BU 0023,,,,,,,,,,,
BU 0024,MWF 0900-0950,MWF 1000-1050,MWF 1100-1150,MWF 1200-1250,,,,,,,
BU 0259,,,,,,,,,,,
BU 0026,,,,,,,,,,,
BU 0008,WF 1100-1215,,,,,,,,,,
BU 0009,MWF 0900-0950,MWF 1000-1050,MWF 1100-1150,MWF 1200-1250,MWF 1510-1600,,,,,,
CB 0103,MWF 0545-0700,,,,,,,,,,
CB 0104,,,,,,,,,,,
CB 0107,,,,,,,,,,,
CB 0137,MWF 1100-1150,,,,,,,,,,
CB 0138,F 0800-0950,F 1300-1450,,,,,,,,,
CB 0202,MWF 0800-0850,MWF 0900-0950,MWF 1000-1050,,,,,,,,
CB 0206,,,,,,,,,,,
CI 0129,,,,,,,,,,,
CI 0013,,,,,,,,,,,
CI 0024,,,,,,,,,,,
CI 0003,,,,,,,,,,,
EA 0207,MWF 0800-0850,MWF 0900-0950,F 1100-1150,,,,,,,,
EA 0211,MWF 0900-1050,MWF 1100-1150,F 1320-1600,,,,,,,,
EA 0215,MWF 1200-1250,,,,,,,,,,
EA 0225,MWF 0900-0950,MWF 1100-1150,MWF 1200-1250,MWF 1310-1400,MWF 1410-1500,,,,,,
EA 0229,F 1000-1050,MWF 1410-1500,,,,,,,,,
EA 0304,MWF 0900-0950,MWF 1000-1050,MWF 1100-1150,MWF 1310-1400,,,,,,,
EA 0308,MWF 1000-1050,MWF 1100-1150,,,,,,,,,
EA 0314,MWF 1000-1050,MWF 1100-1150,MWF 1300-1350,MWF 1410-1500,,,,,,,
EA 0318,F 0900-0950,F 1000-1050,F 1100-1150,,,,,,,,
ED 0006,MWF 1000-1050,MWF 1320-1435,,,,,,,,,
ED 0045,,,,,,,,,,,
ED 0047,F 0900-1150,,,,,,,,,,
EERB 0118,,,,,,,,,,,
EERB 0233,,,,,,,,,,,
EERB 0248,,,,,,,,,,,
EERB 0251,MWF 0800-0850,MWF 1000-1050,MWF 1100-1150,MWF 1200-1250,MWF 1310-1400,,,,,,
EERB 0255,,,,,,,,,,,
EERB 0350,,,,,,,,,,,
EIC 0201,MWF 0800-0850,MWF 1510-1600,,,,,,,,,
EIC 0209,,,,,,,,,,,
EN 1034,,,,,,,,,,,
EN 1039,,,,,,,,,,,
EN 1041,,,,,,,,,,,
EN 1044,MWF 1000-1050,MWF 1410-1500,,,,,,,,,
EN 1045,MWF 0800-0850,MWF 0900-0950,MWF 1000-1050,MWF 1100-1150,MWF 1200-1250,,,,,,
EN 1055,,,,,,,,,,,
EN 1062,,,,,,,,,,,
EN 2100,MWF 0800-0850,MWF 0900-0950,MWF 1000-1050,MWF 1100-1150,MWF 1310-1400,,,,,,
EN 2101,MWF 1000-1050,F 1100-1150,F 1310-1400,,,,,,,,
EN 2102,,,,,,,,,,,
EN 2104,MF 1410-1525,,,,,,,,,,
EN 2105,MWF 0900-0950,MWF 1000-1050,,,,,,,,,
EN 2106,F 1100-1300,,,,,,,,,,
EN 2108,MWF 0900-0950,MWF 1000-1050,,,,,,,,,
EN 2109,F 1100-1150,F 1310-1500,,,,,,,,,
EN 2110,MWF 0900-0950,MWF 1000-1050,MWF 1100-1150,,,,,,,,
EN 3044,,,,,,,,,,,
EN 3046,,,,,,,,,,,
EN 3056,MWF 1100-1150,MWF 1200-1250,,,,,,,,,
EN 3070,MWF 0800-0850,MWF 0900-0950,MWF 1000-1050,MWF 1100-1150,MWF 1200-1250,,,,,,
EN 3102,MWF 0800-0850,MWF 0900-0950,MWF 1000-1050,MWF 1100-1150,MWF 1200-1250,MWF 1310-1400,,,,,
EN 3104,MWF 0900-0950,MWF 1000-1050,MWF 1200-1250,MWF 1310-1400,MWF 1410-1500,,,,,,
EN 3105,F 0800-0850,MWF 1000-1050,MWF 1310-1400,F 1410-1500,,,,,,,
EN 3106,MWF 0900-0950,F 1000-1050,,,,,,,,,
EN 3108,,,,,,,,,,,
EN 3109,,,,,,,,,,,
EN 3110,MTWF 0800-0850,MTWF 0900-0950,MTWF 1000-1050,MWF 1310-1400,,,,,,,
EN 3111,MWF 0900-0950,MWF 1000-1050,MWF 1100-1150,MWF 1310-1400,MWF 1410-1500,,,,,,
EN 3112,MWF 0800-0850,MTWF 0900-0950,MWF 1000-1050,MWF 1100-1150,,,,,,,
EN 3114,MWF 0900-0950,MWF 1100-1150,MWF 1310-1400,,,,,,,,
EN 4023,,,,,,,,,,,
EN 4045,,,,,,,,,,,
EN 4066,,,,,,,,,,,
EN 5038,,,,,,,,,,,
EN 6060,,,,,,,,,,,
EN 6085,,,,,,,,,,,
ES 1004,,,,,,,,,,,
ES 1006,MWF 1200-1250,,,,,,,,,,
ES 1038,,,,,,,,,,,
GE 0202,,,,,,,,,,,
GE 0211,,,,,,,,,,,
GE 0213,,,,,,,,,,,
GE 0216,MWF 1100-1150,,,,,,,,,,
GE 0318,MWF 1000-1050,F 1100-1150,F 1300-1350,,,,,,,,
GH 0106,MWF 1000-1050,MWF 1100-1150,MWF 1410-1500,MWF 1510-1600,,,,,,,
GH 0210,,,,,,,,,,,
HA 0115,,,,,,,,,,,
HA 0117,,,,,,,,,,,
HA 0225,,,,,,,,,,,
HA 0227,,,,,,,,,,,
HA 0325,,,,,,,,,,,
HA 0327,,,,,,,,,,,
HI 0155,F 0800-0850,MWF 0900-0950,F 1000-1050,F 1100-1150,F 1310-1400,F 1410-1500,,,,,
HI 0156,,,,,,,,,,,
HO 0005,MWF 0900-0950,,,,,,,,,,
HO 0008,,,,,,,,,,,
HO 0011,MWF 0900-0950,MWF 1000-1050,MWF 1100-1150,MWF 1200-1250,MWF 1310-1400,,,,,,
HO 0012,,,,,,,,,,,
HO 0021,,,,,,,,,,,
HO 0037,MWF 1000-1050,,,,,,,,,,
HO 0040,,,,,,,,,,,
HO 0125,MWF 0900-0950,,,,,,,,,,
HO 0142,MWF 1000-1050,MWF 1100-1150,,,,,,,,,
HS 0105,WF 1000-1150,F 1310-1500,,,,,,,,,
HS 0205,,,,,,,,,,,
HS 0232,,,,,,,,,,,
HS 0248,,,,,,,,,,,
HS 0364,,,,,,,,,,,
HS 0427,MWF 0800-0850,MWF 1000-1050,,,,,,,,,
HS 0459,,,,,,,,,,,
HS 0463,MWF 1000-1050,MWF 1100-1150,,,,,,,,,
KH 0238,,,,,,,,,,,
LS 0170,,,,,,,,,,,
LS 0178,,,,,,,,,,,
LS 0180,F 1000-1145,,,,,,,,,,
LS 0182,,,,,,,,,,,
LS 0186,,,,,,,,,,,
LS 0191,,,,,,,,,,,
NAC 0114,,,,,,,,,,,
PA 1016,MTWRF 0800-0850,MTWRF 0900-0950,TRF 1000-1050,MTWRF 1200-1250,MWF 1310-1400,,,,,,
PA 1050,MWF 1510-1600,,,,,,,,,,
PA 1070,,,,,,,,,,,
PA 1077,,,,,,,,,,,
PA 1131,,,,,,,,,,,
PA 1133,,,,,,,,,,,
PA 1140,,,,,,,,,,,
PA 1142,,,,,,,,,,,
PA 1152,MWF 1000-1050,,,,,,,,,,
PA 2003,MWF 0900-0950,MTRF 1200-1250,MWF 1410-1500,MWF 1510-1600,,,,,,,
PA 2037,,,,,,,,,,,
PA 2054,,,,,,,,,,,
PA 2102,,,,,,,,,,,
PA 2140,,,,,,,,,,,
PA 3058,MWF 1410-1500,,,,,,,,,,
PS 0138,MWF 0900-0950,F 1540-1700,,,,,,,,,
PS 0231,,,,,,,,,,,
PS 0234,MWF 0800-0850,MWF 1000-1050,F 1200-1300,F 1400-1520,F 1540-1700,,,,,,
PS 0239,MWF 0800-0850,MWF 1000-1050,MWF 1200-1250,MTWF 1310-1400,,,,,,,
RH 0109,,,,,,,,,,,
RH 0024,,,,,,,,,,,
RH 0247,MWF 1100-1150,MWF 1310-1400,,,,,,,,,
RH 0342,,,,,,,,,,,
RH 0408,,,,,,,,,,,
SI 2010,MWF 0800-0850,MWF 0900-0950,MWF 1000-1050,MWF 1100-1150,MWF 1200-1250,MWF 1310-1400,MWF 1410-1500,,,,
STEM 0105,MWF 0900-0950,,,,,,,,,,
STEM 0117,,,,,,,,,,,
STEM 0120,,,,,,,,,,,
STEM 0145,,,,,,,,,,,
STEM 0155,F 1000-1050,F 1100-1150,F 1200-1250,F 1310-1400,,,,,,,
STEM 0160,,,,,,,,,,,
STEM 0175,,,,,,,,,,,
STEM 0180,,,,,,,,,,,
STEM 0185,,,,,,,,,,,
STEM 0195,MWF 0900-1040,MWF 1310-1500,,,,,,,,,
STEM 0205,MWF 1100-1150,,,,,,,,,,
STEM 0215,MWF 1100-1150,MWF 1200-1250,,,,,,,,,
STEM 0220,MWF 0900-0950,MWF 1200-1250,,,,,,,,,
STEM 0225,MWF 1310-1400,MWF 1510-1600,,,,,,,,,
STEM 0235,,,,,,,,,,,
STEM 0245,,,,,,,,,,,
STEM 0255,,,,,,,,,,,
STEM 0265,,,,,,,,,,,
STEM 0275,,,,,,,,,,,
STEM 0280,MWF 1000-1050,MWF 1200-1250,MWF 1310-1400,,,,,,,,
STEM 0285,,,,,,,,,,,
STEM 0295,,,,,,,,,,,
STEM 0315,MWF 1200-1250,MWF 1410-1500,,,,,,,,,
STEM 0320,,,,,,,,,,,
STEM 0325,,,,,,,,,,,
STEM 0335,,,,,,,,,,,
STEM 0345,,,,,,,,,,,
STEM 0360,,,,,,,,,,,
STEM 0375,,,,,,,,,,,
STEM 0380,,,,,,,,,,,
STEM 0385,,,,,,,,,,,
STEM 0395,,,,,,,,,,,
VA 0109,,,,,,,,,,,
VA 0111,,,,,,,,,,,
VA 0119,,,,,,,,,,,
VA 0229,F 1000-1150,F 1230-1430,,,,,,,,,
